[2026-01-23 23:33:23] [INFO] === AprilTag Multi-Camera Vision System ===
[2026-01-23 23:33:23] [INFO] Starting advanced vision system with fusion and networking...
[2026-01-23 23:33:23] [INFO] Field layout loaded: /Users/sim/Projects/aprilTagDetector/Layout/2025-official.json
[2026-01-23 23:33:23] [INFO] Added camera: front_camera
[2026-01-23 23:33:23] [INFO] Network streamer started on 127.0.0.1:5800
[2026-01-23 23:33:23] [INFO] Network streamer started on UDP port 5800
[2026-01-23 23:33:23] [INFO] Connecting NetworkTables client to team 254
[2026-01-23 23:33:23] [INFO] NetworkTables publishers initialized
[2026-01-23 23:33:23] [INFO] NetworkTables publisher started successfully
[2026-01-23 23:33:23] [INFO] NetworkTables client connecting to team 254
[2026-01-23 23:33:23] [INFO] Added MJPEG stream: front_camera on port 8081
[2026-01-23 23:33:23] [INFO] MJPEG stream 'front_camera' started on port 8081
[2026-01-23 23:33:23] [INFO] MJPEG streams started
[2026-01-23 23:33:23] [INFO] Web server started on port 8080
[2026-01-23 23:33:23] [INFO] Web interface available at http://localhost:8080
[2026-01-23 23:33:25] [INFO] Started camera stream: front_camera
[2026-01-23 23:33:25] [INFO] All cameras started
[2026-01-23 23:33:25] [INFO] System running. Press Ctrl+C to exit.
[2026-01-23 23:33:25] [INFO] Web interface: http://localhost:8080
[2026-01-23 23:33:25] [INFO] NetworkTables publishing to table: Vision
[2026-01-23 23:34:27] [INFO] Interrupt signal received. Shutting down...
[2026-01-23 23:34:36] [INFO] === AprilTag Multi-Camera Vision System ===
[2026-01-23 23:34:36] [INFO] Starting advanced vision system with fusion and networking...
[2026-01-23 23:34:36] [INFO] Field layout loaded: /Users/sim/Projects/aprilTagDetector/Layout/2025-official.json
[2026-01-23 23:34:36] [INFO] Added camera: front_camera
[2026-01-23 23:34:36] [INFO] Network streamer started on 127.0.0.1:5800
[2026-01-23 23:34:36] [INFO] Network streamer started on UDP port 5800
[2026-01-23 23:34:36] [INFO] NetworkTables publishing disabled
[2026-01-23 23:34:36] [INFO] Added MJPEG stream: front_camera on port 8081
[2026-01-23 23:34:36] [INFO] MJPEG stream 'front_camera' started on port 8081
[2026-01-23 23:34:36] [INFO] MJPEG streams started
[2026-01-23 23:34:36] [INFO] Web server started on port 8080
[2026-01-23 23:34:36] [INFO] Web interface available at http://localhost:8080
[2026-01-23 23:34:38] [INFO] Started camera stream: front_camera
[2026-01-23 23:34:38] [INFO] All cameras started
[2026-01-23 23:34:38] [INFO] System running. Press Ctrl+C to exit.
[2026-01-23 23:34:38] [INFO] Web interface: http://localhost:8080
[2026-01-23 23:34:39] [INFO] FPS: 83.582090
[2026-01-23 23:34:40] [INFO] FPS: 81.268583
[2026-01-23 23:34:41] [INFO] FPS: 80.677291
[2026-01-23 23:34:43] [INFO] FPS: 81.754736
[2026-01-23 23:34:44] [INFO] FPS: 81.107814
[2026-01-23 23:34:45] [INFO] FPS: 81.836327
[2026-01-23 23:34:46] [INFO] FPS: 80.357143
[2026-01-23 23:34:47] [INFO] FPS: 81.027668
[2026-01-23 23:34:49] [INFO] FPS: 79.365079
[2026-01-23 23:34:50] [INFO] FPS: 82.341270
[2026-01-23 23:34:51] [INFO] FPS: 82.917083
[2026-01-23 23:34:52] [INFO] FPS: 78.763709
[2026-01-23 23:34:54] [INFO] FPS: 79.840319
[2026-01-23 23:34:55] [INFO] FPS: 79.286422
[2026-01-23 23:34:56] [INFO] FPS: 79.760718
[2026-01-23 23:34:57] [INFO] FPS: 79.129575
[2026-01-23 23:34:59] [INFO] FPS: 80.000000
[2026-01-23 23:35:00] [INFO] FPS: 79.000000
[2026-01-23 23:35:01] [INFO] FPS: 78.763709
[2026-01-23 23:35:02] [INFO] FPS: 81.000000
[2026-01-23 23:35:04] [INFO] FPS: 79.207921
[2026-01-23 23:35:05] [INFO] FPS: 78.921079
[2026-01-23 23:35:06] [INFO] FPS: 80.000000
[2026-01-23 23:35:08] [INFO] FPS: 78.450844
[2026-01-23 23:35:09] [INFO] FPS: 78.295342
[2026-01-23 23:35:10] [INFO] FPS: 81.188119
[2026-01-23 23:35:11] [INFO] FPS: 79.443893
[2026-01-23 23:35:13] [INFO] FPS: 78.450844
[2026-01-23 23:35:14] [INFO] FPS: 75.000000
[2026-01-23 23:35:15] [INFO] FPS: 75.173096
[2026-01-23 23:35:17] [INFO] FPS: 77.766700
[2026-01-23 23:35:18] [INFO] FPS: 77.534791
[2026-01-23 23:35:19] [INFO] FPS: 78.921079
[2026-01-23 23:35:20] [INFO] FPS: 79.840319
[2026-01-23 23:35:21] [INFO] FPS: 82.259663
[2026-01-23 23:35:23] [INFO] FPS: 81.027668
[2026-01-23 23:35:24] [INFO] FPS: 80.198020
[2026-01-23 23:35:25] [INFO] FPS: 78.842315
[2026-01-23 23:35:27] [INFO] FPS: 76.846307
[2026-01-23 23:35:28] [INFO] FPS: 80.357143
[2026-01-23 23:35:29] [INFO] FPS: 77.832512
[2026-01-23 23:35:30] [INFO] FPS: 80.039526
[2026-01-23 23:35:32] [INFO] FPS: 80.597015
[2026-01-23 23:35:33] [INFO] FPS: 78.140455
[2026-01-23 23:35:34] [INFO] FPS: 80.677291
[2026-01-23 23:35:35] [INFO] FPS: 80.919081
[2026-01-23 23:35:37] [INFO] FPS: 79.000000
[2026-01-23 23:35:38] [INFO] FPS: 80.677291
[2026-01-23 23:35:39] [INFO] FPS: 76.693227
[2026-01-23 23:35:40] [INFO] FPS: 77.922078
[2026-01-23 23:35:42] [INFO] FPS: 77.151335
[2026-01-23 23:35:43] [INFO] FPS: 79.920080
[2026-01-23 23:35:44] [INFO] FPS: 80.000000
[2026-01-23 23:35:46] [INFO] FPS: 79.129575
[2026-01-23 23:35:47] [INFO] FPS: 78.921079
[2026-01-23 23:35:48] [INFO] FPS: 77.227723
[2026-01-23 23:35:49] [INFO] FPS: 79.365079
[2026-01-23 23:35:51] [INFO] FPS: 78.373016
[2026-01-23 23:35:52] [INFO] FPS: 76.616915
[2026-01-23 23:35:53] [INFO] FPS: 78.921079
[2026-01-23 23:35:54] [INFO] FPS: 80.357143
[2026-01-23 23:35:56] [INFO] FPS: 79.760718
[2026-01-23 23:35:57] [INFO] FPS: 79.840319
[2026-01-23 23:35:58] [INFO] FPS: 81.836327
[2026-01-23 23:35:59] [INFO] FPS: 80.919081
[2026-01-23 23:36:08] [INFO] === AprilTag Multi-Camera Vision System ===
[2026-01-23 23:36:08] [INFO] Starting advanced vision system with fusion and networking...
[2026-01-23 23:36:08] [INFO] Field layout loaded: /Users/sim/Projects/aprilTagDetector/Layout/2025-official.json
[2026-01-23 23:36:08] [INFO] Added camera: front_camera
[2026-01-23 23:36:08] [INFO] Network streamer started on 127.0.0.1:5800
[2026-01-23 23:36:08] [INFO] Network streamer started on UDP port 5800
[2026-01-23 23:36:08] [INFO] NetworkTables publishing disabled
[2026-01-23 23:36:08] [INFO] Added MJPEG stream: front_camera on port 8081
[2026-01-23 23:36:08] [INFO] MJPEG stream 'front_camera' started on port 8081
[2026-01-23 23:36:08] [INFO] MJPEG streams started
[2026-01-23 23:36:08] [INFO] Web server started on port 8080
[2026-01-23 23:36:08] [INFO] Web interface available at http://localhost:8080
[2026-01-23 23:36:09] [INFO] Started camera stream: front_camera
[2026-01-23 23:36:09] [INFO] All cameras started
[2026-01-23 23:36:09] [INFO] System running. Press Ctrl+C to exit.
[2026-01-23 23:36:09] [INFO] Web interface: http://localhost:8080
[2026-01-23 23:36:10] [INFO] FPS: 82.587065
[2026-01-23 23:36:12] [INFO] FPS: 81.429990
[2026-01-23 23:36:13] [INFO] FPS: 81.754736
[2026-01-23 23:36:14] [INFO] FPS: 78.063241
[2026-01-23 23:36:16] [INFO] FPS: 78.763709
[2026-01-23 23:36:17] [INFO] FPS: 79.840319
[2026-01-23 23:36:18] [INFO] FPS: 79.681275
[2026-01-23 23:36:19] [INFO] FPS: 78.063241
[2026-01-23 23:36:21] [INFO] FPS: 79.601990
[2026-01-23 23:36:22] [INFO] FPS: 80.118694
[2026-01-23 23:36:23] [INFO] FPS: 79.365079
[2026-01-23 23:36:24] [INFO] FPS: 79.920080
[2026-01-23 23:36:26] [INFO] FPS: 78.063241
[2026-01-23 23:36:27] [INFO] FPS: 77.380952
[2026-01-23 23:36:28] [INFO] FPS: 75.697211
[2026-01-23 23:36:29] [INFO] FPS: 79.760718
[2026-01-23 23:36:31] [INFO] FPS: 79.051383
[2026-01-23 23:36:32] [INFO] FPS: 77.611940
[2026-01-23 23:36:33] [INFO] FPS: 78.842315
[2026-01-23 23:36:35] [INFO] FPS: 76.011846
[2026-01-23 23:36:36] [INFO] FPS: 78.450844
[2026-01-23 23:36:37] [INFO] FPS: 77.457795
[2026-01-23 23:36:38] [INFO] FPS: 78.373016
[2026-01-23 23:36:40] [INFO] FPS: 78.295342
[2026-01-23 23:36:41] [INFO] FPS: 79.760718
[2026-01-23 23:36:42] [INFO] FPS: 80.039526
[2026-01-23 23:36:43] [INFO] FPS: 79.000000
[2026-01-23 23:36:45] [INFO] FPS: 80.436941
[2026-01-23 23:36:46] [INFO] FPS: 79.840319
[2026-01-23 23:36:47] [INFO] FPS: 79.601990
[2026-01-23 23:36:48] [INFO] FPS: 80.757727
[2026-01-23 23:36:50] [INFO] FPS: 79.443893
[2026-01-23 23:36:51] [INFO] FPS: 79.286422
[2026-01-23 23:36:52] [INFO] FPS: 81.000000
[2026-01-23 23:36:53] [INFO] FPS: 80.677291
[2026-01-23 23:36:55] [INFO] FPS: 80.039526
[2026-01-23 23:36:56] [INFO] FPS: 80.838323
[2026-01-23 23:36:57] [INFO] FPS: 80.198020
[2026-01-23 23:36:59] [INFO] FPS: 76.162216
[2026-01-23 23:37:00] [INFO] FPS: 79.522863
[2026-01-23 23:37:01] [INFO] FPS: 80.000000
[2026-01-23 23:37:02] [INFO] FPS: 79.840319
[2026-01-23 23:37:04] [INFO] FPS: 79.207921
[2026-01-23 23:37:05] [INFO] FPS: 78.450844
[2026-01-23 23:37:06] [INFO] FPS: 79.920080
[2026-01-23 23:37:07] [INFO] FPS: 80.357143
[2026-01-23 23:37:09] [INFO] FPS: 80.118694
[2026-01-23 23:37:10] [INFO] FPS: 78.528827
[2026-01-23 23:37:11] [INFO] FPS: 80.838323
[2026-01-23 23:37:12] [INFO] FPS: 80.757727
[2026-01-23 23:37:14] [INFO] FPS: 78.763709
[2026-01-23 23:37:15] [INFO] FPS: 79.000000
[2026-01-23 23:37:16] [INFO] FPS: 78.000000
[2026-01-23 23:37:17] [INFO] FPS: 79.681275
[2026-01-23 23:37:19] [INFO] FPS: 75.173096
[2026-01-23 23:37:19] [INFO] Interrupt signal received. Shutting down...
[2026-01-23 23:37:19] [INFO] Shutting down...
[2026-01-23 23:37:19] [INFO] Stopped camera stream: front_camera
[2026-01-23 23:37:19] [INFO] MJPEG stream 'front_camera' stopped
[2026-01-23 23:37:19] [INFO] Network streamer stopped
[2026-01-23 23:37:19] [INFO] Web server stopped
[2026-01-23 23:37:19] [INFO] Final performance statistics:
[2026-01-23 23:37:19] [INFO] System shutdown complete. Processed 5528 frames.
[2026-01-23 23:37:36] [INFO] === AprilTag Multi-Camera Vision System ===
[2026-01-23 23:37:36] [INFO] Starting advanced vision system with fusion and networking...
[2026-01-23 23:37:36] [INFO] Field layout loaded: /Users/sim/Projects/aprilTagDetector/Layout/2025-official.json
[2026-01-23 23:37:36] [INFO] Added camera: front_camera
[2026-01-23 23:37:36] [INFO] Network streamer started on 127.0.0.1:5800
[2026-01-23 23:37:36] [INFO] Network streamer started on UDP port 5800
[2026-01-23 23:37:36] [INFO] NetworkTables publishing disabled
[2026-01-23 23:37:36] [INFO] Added MJPEG stream: front_camera on port 8081
[2026-01-23 23:37:36] [INFO] MJPEG stream 'front_camera' started on port 8081
[2026-01-23 23:37:36] [INFO] MJPEG streams started
[2026-01-23 23:37:36] [INFO] Web server started on port 8080
[2026-01-23 23:37:36] [INFO] Web interface available at http://localhost:8080
[2026-01-23 23:37:37] [INFO] Started camera stream: front_camera
[2026-01-23 23:37:37] [INFO] All cameras started
[2026-01-23 23:37:37] [INFO] System running. Press Ctrl+C to exit.
[2026-01-23 23:37:37] [INFO] Web interface: http://localhost:8080
[2026-01-23 23:37:39] [INFO] FPS: 82.504970
[2026-01-23 23:37:40] [INFO] FPS: 80.919081
[2026-01-23 23:37:41] [INFO] FPS: 80.516899
[2026-01-23 23:37:42] [INFO] FPS: 79.207921
[2026-01-23 23:37:44] [INFO] FPS: 78.450844
[2026-01-23 23:37:45] [INFO] FPS: 80.000000
[2026-01-23 23:37:46] [INFO] FPS: 79.207921
[2026-01-23 23:37:47] [INFO] FPS: 77.380952
[2026-01-23 23:37:49] [INFO] FPS: 81.268583
[2026-01-23 23:37:50] [INFO] FPS: 80.597015
[2026-01-23 23:37:51] [INFO] FPS: 80.919081
[2026-01-23 23:37:52] [INFO] FPS: 76.388889
[2026-01-23 23:37:54] [INFO] FPS: 80.357143
[2026-01-23 23:37:55] [INFO] FPS: 76.086957
[2026-01-23 23:37:56] [INFO] FPS: 74.925075
[2026-01-23 23:37:58] [INFO] FPS: 78.295342
[2026-01-23 23:37:59] [INFO] FPS: 77.534791
[2026-01-23 23:38:00] [INFO] FPS: 78.528827
[2026-01-23 23:38:01] [INFO] FPS: 78.063241
[2026-01-23 23:38:03] [INFO] FPS: 76.769691
[2026-01-23 23:38:04] [INFO] FPS: 79.051383
[2026-01-23 23:38:05] [INFO] FPS: 80.838323
[2026-01-23 23:38:06] [INFO] FPS: 81.000000
[2026-01-23 23:38:08] [INFO] FPS: 81.188119
[2026-01-23 23:38:09] [INFO] FPS: 81.510934
[2026-01-23 23:38:10] [INFO] FPS: 81.836327
[2026-01-23 23:38:11] [INFO] FPS: 81.836327
[2026-01-23 23:38:13] [INFO] FPS: 80.947680
[2026-01-23 23:38:14] [INFO] FPS: 77.380952
[2026-01-23 23:38:15] [INFO] FPS: 77.922078
[2026-01-23 23:38:16] [INFO] FPS: 78.528827
[2026-01-23 23:38:18] [INFO] FPS: 77.304262
[2026-01-23 23:38:19] [INFO] FPS: 79.760718
[2026-01-23 23:38:20] [INFO] FPS: 76.693227
[2026-01-23 23:38:22] [INFO] FPS: 77.689243
[2026-01-23 23:38:23] [INFO] FPS: 77.844311
[2026-01-23 23:38:24] [INFO] FPS: 77.227723
[2026-01-23 23:38:25] [INFO] FPS: 79.601990
[2026-01-23 23:38:27] [INFO] FPS: 79.365079
[2026-01-23 23:38:28] [INFO] FPS: 78.373016
[2026-01-23 23:38:29] [INFO] FPS: 79.760718
[2026-01-23 23:38:31] [INFO] FPS: 79.365079
[2026-01-23 23:38:32] [INFO] FPS: 77.000000
[2026-01-23 23:38:33] [INFO] FPS: 75.546720
[2026-01-23 23:38:34] [INFO] FPS: 78.606965
[2026-01-23 23:38:36] [INFO] FPS: 77.380952
[2026-01-23 23:38:37] [INFO] FPS: 78.842315
[2026-01-23 23:38:38] [INFO] FPS: 79.207921
[2026-01-23 23:38:39] [INFO] FPS: 79.681275
[2026-01-23 23:38:41] [INFO] FPS: 77.457795
[2026-01-23 23:38:42] [INFO] FPS: 77.766700
[2026-01-23 23:38:43] [INFO] FPS: 78.685259
[2026-01-23 23:38:45] [INFO] FPS: 78.373016
[2026-01-23 23:38:46] [INFO] FPS: 79.443893
[2026-01-23 23:38:47] [INFO] FPS: 78.295342
[2026-01-23 23:38:48] [INFO] FPS: 78.685259
[2026-01-23 23:38:50] [INFO] FPS: 78.295342
[2026-01-23 23:38:51] [INFO] FPS: 79.920080
[2026-01-23 23:38:52] [INFO] FPS: 79.129575
[2026-01-23 23:38:53] [INFO] FPS: 79.286422
[2026-01-23 23:38:55] [INFO] FPS: 77.766700
[2026-01-23 23:38:56] [INFO] FPS: 80.677291
[2026-01-23 23:38:57] [INFO] FPS: 78.373016
[2026-01-23 23:38:59] [INFO] FPS: 78.842315
[2026-01-23 23:39:00] [INFO] FPS: 79.129575
[2026-01-23 23:39:01] [INFO] FPS: 78.973346
[2026-01-23 23:39:02] [INFO] FPS: 80.118694
[2026-01-23 23:39:04] [INFO] FPS: 78.842315
[2026-01-23 23:39:05] [INFO] FPS: 78.763709
[2026-01-23 23:39:06] [INFO] FPS: 79.760718
[2026-01-23 23:39:07] [INFO] FPS: 79.443893
[2026-01-23 23:39:09] [INFO] FPS: 77.611940
[2026-01-23 23:39:10] [INFO] FPS: 79.681275
[2026-01-23 23:39:11] [INFO] FPS: 74.850299
[2026-01-23 23:39:13] [INFO] FPS: 77.922078
[2026-01-23 23:39:14] [INFO] FPS: 77.844311
[2026-01-23 23:39:15] [INFO] FPS: 80.039526
[2026-01-23 23:39:16] [INFO] FPS: 78.217822
[2026-01-23 23:39:18] [INFO] FPS: 79.522863
[2026-01-23 23:39:19] [INFO] FPS: 78.528827
[2026-01-23 23:39:20] [INFO] FPS: 76.616915
[2026-01-23 23:39:21] [INFO] FPS: 78.685259
[2026-01-23 23:39:23] [INFO] FPS: 79.522863
[2026-01-23 23:39:24] [INFO] FPS: 75.772682
[2026-01-23 23:39:25] [INFO] FPS: 77.457795
[2026-01-23 23:39:27] [INFO] FPS: 78.450844
[2026-01-23 23:39:28] [INFO] FPS: 79.129575
[2026-01-23 23:39:29] [INFO] FPS: 76.388889
[2026-01-23 23:39:30] [INFO] FPS: 77.457795
[2026-01-23 23:39:32] [INFO] FPS: 79.920080
[2026-01-23 23:39:33] [INFO] FPS: 78.295342
[2026-01-23 23:39:34] [INFO] FPS: 79.601990
[2026-01-23 23:39:36] [INFO] FPS: 77.766700
[2026-01-23 23:39:37] [INFO] FPS: 76.769691
[2026-01-23 23:39:38] [INFO] FPS: 78.921079
[2026-01-23 23:39:39] [INFO] FPS: 77.611940
[2026-01-23 23:39:41] [INFO] FPS: 77.986180
[2026-01-23 23:39:42] [INFO] FPS: 78.606965
[2026-01-23 23:39:43] [INFO] FPS: 75.546720
[2026-01-23 23:39:45] [INFO] FPS: 79.207921
[2026-01-23 23:39:46] [INFO] FPS: 77.075099
[2026-01-23 23:39:47] [INFO] FPS: 79.522863
[2026-01-23 23:39:48] [INFO] FPS: 76.388889
[2026-01-23 23:39:50] [INFO] FPS: 79.051383
[2026-01-23 23:39:51] [INFO] FPS: 78.140455
[2026-01-23 23:39:52] [INFO] FPS: 78.921079
[2026-01-23 23:39:53] [INFO] FPS: 82.341270
[2026-01-23 23:39:55] [INFO] FPS: 80.516899
[2026-01-23 23:39:56] [INFO] FPS: 82.341270
[2026-01-23 23:39:57] [INFO] FPS: 80.677291
[2026-01-23 23:39:58] [INFO] FPS: 79.920080
[2026-01-23 23:40:00] [INFO] FPS: 80.919081
[2026-01-23 23:40:01] [INFO] FPS: 80.838323
[2026-01-23 23:40:02] [INFO] FPS: 81.000000
[2026-01-23 23:40:03] [INFO] FPS: 78.763709
[2026-01-23 23:40:05] [INFO] FPS: 78.763709
[2026-01-23 23:40:06] [INFO] FPS: 77.689243
[2026-01-23 23:40:07] [INFO] FPS: 74.552684
[2026-01-23 23:40:09] [INFO] FPS: 76.999013
[2026-01-23 23:40:10] [INFO] FPS: 77.534791
[2026-01-23 23:40:11] [INFO] FPS: 77.380952
[2026-01-23 23:40:12] [INFO] FPS: 78.450844
[2026-01-23 23:40:14] [INFO] FPS: 79.000000
[2026-01-23 23:40:15] [INFO] FPS: 77.534791
[2026-01-23 23:40:16] [INFO] FPS: 75.546720
[2026-01-23 23:40:18] [INFO] FPS: 76.616915
[2026-01-23 23:40:19] [INFO] FPS: 77.922078
[2026-01-23 23:40:20] [INFO] FPS: 77.986180
[2026-01-23 23:40:21] [INFO] FPS: 75.697211
[2026-01-23 23:40:23] [INFO] FPS: 79.601990
[2026-01-23 23:40:24] [INFO] FPS: 78.842315
[2026-01-23 23:40:25] [INFO] FPS: 78.000000
[2026-01-23 23:40:27] [INFO] FPS: 79.601990
[2026-01-23 23:40:28] [INFO] FPS: 78.842315
[2026-01-23 23:40:29] [INFO] FPS: 79.129575
[2026-01-23 23:40:30] [INFO] FPS: 77.304262
[2026-01-23 23:40:32] [INFO] FPS: 77.922078
[2026-01-23 23:40:33] [INFO] FPS: 77.000000
[2026-01-23 23:40:34] [INFO] FPS: 78.295342
[2026-01-23 23:40:35] [INFO] FPS: 78.685259
[2026-01-23 23:40:37] [INFO] FPS: 76.011846
[2026-01-23 23:40:38] [INFO] FPS: 77.922078
[2026-01-23 23:40:39] [INFO] FPS: 78.606965
[2026-01-23 23:40:41] [INFO] FPS: 79.840319
[2026-01-23 23:40:42] [INFO] FPS: 76.999013
[2026-01-23 23:40:43] [INFO] FPS: 78.921079
[2026-01-23 23:40:44] [INFO] FPS: 79.365079
[2026-01-23 23:40:46] [INFO] FPS: 79.051383
[2026-01-23 23:40:47] [INFO] FPS: 78.140455
[2026-01-23 23:40:48] [INFO] FPS: 80.436941
[2026-01-23 23:40:49] [INFO] FPS: 80.198020
[2026-01-23 23:40:51] [INFO] FPS: 78.000000
[2026-01-23 23:40:52] [INFO] FPS: 79.601990
[2026-01-23 23:40:53] [INFO] FPS: 76.846307
[2026-01-23 23:40:55] [INFO] FPS: 80.838323
[2026-01-23 23:40:56] [INFO] FPS: 74.257426
[2026-01-23 23:40:57] [INFO] FPS: 80.277502
[2026-01-23 23:40:58] [INFO] Interrupt signal received. Shutting down...
[2026-01-23 23:40:58] [INFO] Shutting down...
[2026-01-23 23:40:58] [INFO] Stopped camera stream: front_camera
[2026-01-23 23:40:58] [INFO] MJPEG stream 'front_camera' stopped
[2026-01-23 23:40:58] [INFO] Network streamer stopped
[2026-01-23 23:40:58] [INFO] Web server stopped
[2026-01-23 23:40:58] [INFO] Final performance statistics:
[2026-01-23 23:40:58] [INFO] System shutdown complete. Processed 15755 frames.
[2026-01-23 23:43:14] [INFO] === AprilTag Multi-Camera Vision System ===
[2026-01-23 23:43:14] [INFO] Starting advanced vision system with fusion and networking...
[2026-01-23 23:43:14] [INFO] Field layout loaded: /Users/sim/Projects/aprilTagDetector/Layout/2025-official.json
[2026-01-23 23:43:14] [INFO] Added camera: front_camera
[2026-01-23 23:43:14] [INFO] Network streamer started on 127.0.0.1:5800
[2026-01-23 23:43:14] [INFO] Network streamer started on UDP port 5800
[2026-01-23 23:43:14] [INFO] NetworkTables publishing disabled
[2026-01-23 23:43:14] [INFO] Added MJPEG stream: front_camera on port 8081
[2026-01-23 23:43:14] [INFO] MJPEG stream 'front_camera' started on port 8081
[2026-01-23 23:43:14] [INFO] MJPEG streams started
[2026-01-23 23:43:14] [INFO] Web server started on port 8080
[2026-01-23 23:43:14] [INFO] Web interface available at http://localhost:8080
[2026-01-23 23:43:16] [INFO] Started camera stream: front_camera
[2026-01-23 23:43:16] [INFO] All cameras started
[2026-01-23 23:43:16] [INFO] System running. Press Ctrl+C to exit.
[2026-01-23 23:43:16] [INFO] Web interface: http://localhost:8080
[2026-01-23 23:43:17] [INFO] FPS: 83.916084
[2026-01-23 23:43:18] [INFO] FPS: 80.436941
[2026-01-23 23:43:20] [INFO] FPS: 81.918082
[2026-01-23 23:43:21] [INFO] FPS: 81.673307
[2026-01-23 23:43:22] [INFO] FPS: 80.277502
[2026-01-23 23:43:23] [INFO] FPS: 80.757727
[2026-01-23 23:43:25] [INFO] FPS: 80.357143
[2026-01-23 23:43:26] [INFO] FPS: 76.086957
[2026-01-23 23:43:27] [INFO] FPS: 78.606965
[2026-01-23 23:43:28] [INFO] FPS: 80.357143
[2026-01-23 23:43:30] [INFO] FPS: 79.522863
[2026-01-23 23:43:31] [INFO] FPS: 78.763709
[2026-01-23 23:43:32] [INFO] FPS: 80.757727
[2026-01-23 23:43:33] [INFO] FPS: 80.919081
[2026-01-23 23:43:35] [INFO] FPS: 78.063241
[2026-01-23 23:43:36] [INFO] FPS: 79.365079
[2026-01-23 23:43:37] [INFO] FPS: 78.921079
[2026-01-23 23:43:38] [INFO] FPS: 79.000000
[2026-01-23 23:43:40] [INFO] FPS: 79.443893
[2026-01-23 23:43:41] [INFO] FPS: 80.757727
[2026-01-23 23:43:42] [INFO] FPS: 79.365079
[2026-01-23 23:43:43] [INFO] FPS: 80.277502
[2026-01-23 23:43:45] [INFO] FPS: 78.606965
[2026-01-23 23:43:46] [INFO] FPS: 79.760718
[2026-01-23 23:43:47] [INFO] FPS: 80.277502
[2026-01-23 23:43:48] [INFO] FPS: 81.592040
[2026-01-23 23:43:50] [INFO] FPS: 82.015810
[2026-01-23 23:43:51] [INFO] FPS: 80.436941
[2026-01-23 23:43:52] [INFO] FPS: 79.443893
[2026-01-23 23:43:53] [INFO] FPS: 80.357143
[2026-01-23 23:43:55] [INFO] FPS: 78.606965
[2026-01-23 23:43:56] [INFO] FPS: 80.838323
[2026-01-23 23:43:57] [INFO] FPS: 80.000000
[2026-01-23 23:43:58] [INFO] FPS: 79.760718
[2026-01-23 23:44:19] [INFO] === AprilTag Multi-Camera Vision System ===
[2026-01-23 23:44:19] [INFO] Starting advanced vision system with fusion and networking...
[2026-01-23 23:44:19] [INFO] Field layout loaded: /Users/sim/Projects/aprilTagDetector/Layout/2025-official.json
[2026-01-23 23:44:19] [INFO] Added camera: front_camera
[2026-01-23 23:44:19] [INFO] Network streamer started on 127.0.0.1:5800
[2026-01-23 23:44:19] [INFO] Network streamer started on UDP port 5800
[2026-01-23 23:44:19] [INFO] NetworkTables publishing disabled
[2026-01-23 23:44:19] [INFO] Added MJPEG stream: front_camera on port 8081
[2026-01-23 23:44:19] [INFO] MJPEG stream 'front_camera' started on port 8081
[2026-01-23 23:44:19] [INFO] MJPEG streams started
[2026-01-23 23:44:19] [INFO] Web server started on port 8080
[2026-01-23 23:44:19] [INFO] Web interface available at http://localhost:8080
[2026-01-23 23:44:21] [INFO] Started camera stream: front_camera
[2026-01-23 23:44:21] [INFO] All cameras started
[2026-01-23 23:44:21] [INFO] System running. Press Ctrl+C to exit.
[2026-01-23 23:44:21] [INFO] Web interface: http://localhost:8080
[2026-01-23 23:44:22] [INFO] FPS: 82.669323
[2026-01-23 23:44:23] [INFO] FPS: 81.027668
[2026-01-23 23:44:25] [INFO] FPS: 79.840319
[2026-01-23 23:44:26] [INFO] FPS: 79.051383
[2026-01-23 23:44:27] [INFO] FPS: 79.681275
[2026-01-23 23:44:28] [INFO] FPS: 78.000000
[2026-01-23 23:44:30] [INFO] FPS: 79.760718
[2026-01-23 23:44:31] [INFO] FPS: 80.039526
[2026-01-23 23:44:32] [INFO] FPS: 78.373016
[2026-01-23 23:44:34] [INFO] FPS: 78.528827
[2026-01-23 23:44:35] [INFO] FPS: 69.790628
[2026-01-23 23:44:36] [INFO] FPS: 76.769691
[2026-01-23 23:44:37] [INFO] FPS: 80.000000
[2026-01-23 23:44:39] [INFO] FPS: 78.763709
[2026-01-23 23:44:40] [INFO] FPS: 75.848303
[2026-01-23 23:44:41] [INFO] FPS: 78.685259
[2026-01-23 23:44:43] [INFO] FPS: 77.611940
[2026-01-23 23:44:44] [INFO] FPS: 78.921079
[2026-01-23 23:44:45] [INFO] FPS: 79.207921
[2026-01-23 23:44:46] [INFO] FPS: 79.000000
[2026-01-23 23:44:48] [INFO] FPS: 77.766700
[2026-01-23 23:44:49] [INFO] FPS: 79.443893
[2026-01-23 23:44:50] [INFO] FPS: 80.039526
[2026-01-23 23:44:51] [INFO] FPS: 79.522863
[2026-01-23 23:44:53] [INFO] FPS: 80.000000
[2026-01-23 23:44:54] [INFO] FPS: 79.920080
[2026-01-23 23:44:55] [INFO] FPS: 80.118694
[2026-01-23 23:44:57] [INFO] FPS: 79.286422
[2026-01-23 23:44:58] [INFO] FPS: 80.357143
[2026-01-23 23:44:59] [INFO] FPS: 73.033708
[2026-01-23 23:45:01] [INFO] FPS: 80.000000
[2026-01-23 23:45:02] [INFO] FPS: 80.357143
[2026-01-23 23:45:03] [INFO] FPS: 79.681275
[2026-01-23 23:45:04] [INFO] FPS: 77.844311
[2026-01-23 23:45:06] [INFO] FPS: 78.450844
[2026-01-23 23:45:07] [INFO] FPS: 79.365079
[2026-01-23 23:45:08] [INFO] FPS: 80.357143
[2026-01-23 23:45:09] [INFO] FPS: 80.000000
[2026-01-23 23:45:11] [INFO] FPS: 78.921079
[2026-01-23 23:45:12] [INFO] FPS: 79.760718
[2026-01-23 23:45:13] [INFO] FPS: 80.039526
[2026-01-23 23:45:14] [INFO] FPS: 80.436941
[2026-01-23 23:45:16] [INFO] FPS: 80.000000
[2026-01-23 23:45:17] [INFO] FPS: 80.198020
[2026-01-23 23:45:18] [INFO] FPS: 79.365079
[2026-01-23 23:45:19] [INFO] FPS: 79.920080
[2026-01-23 23:45:21] [INFO] FPS: 79.681275
[2026-01-23 23:45:22] [INFO] FPS: 78.140455
[2026-01-23 23:45:23] [INFO] FPS: 78.921079
[2026-01-23 23:45:24] [INFO] FPS: 81.268583
[2026-01-23 23:45:26] [INFO] FPS: 79.365079
[2026-01-23 23:45:27] [INFO] FPS: 81.592040
[2026-01-23 23:45:28] [INFO] FPS: 80.039526
[2026-01-23 23:45:29] [INFO] FPS: 78.373016
[2026-01-23 23:45:31] [INFO] FPS: 79.365079
[2026-01-23 23:45:32] [INFO] FPS: 80.757727
[2026-01-23 23:45:33] [INFO] FPS: 80.919081
[2026-01-23 23:45:34] [INFO] FPS: 80.919081
[2026-01-23 23:45:36] [INFO] FPS: 80.118694
[2026-01-23 23:45:37] [INFO] FPS: 78.763709
[2026-01-23 23:45:38] [INFO] FPS: 78.140455
[2026-01-23 23:45:39] [INFO] FPS: 79.443893
[2026-01-23 23:45:41] [INFO] FPS: 68.588469
[2026-01-23 23:45:42] [INFO] FPS: 78.685259
[2026-01-23 23:45:43] [INFO] FPS: 79.129575
[2026-01-23 23:45:45] [INFO] FPS: 78.842315
[2026-01-23 23:45:46] [INFO] FPS: 78.140455
[2026-01-23 23:45:47] [INFO] FPS: 80.436941
[2026-01-23 23:45:48] [INFO] FPS: 79.920080
[2026-01-23 23:45:50] [INFO] FPS: 80.516899
[2026-01-23 23:45:51] [INFO] FPS: 82.259663
[2026-01-23 23:45:52] [INFO] FPS: 80.000000
[2026-01-23 23:45:53] [INFO] FPS: 80.757727
[2026-01-23 23:45:55] [INFO] FPS: 78.140455
[2026-01-23 23:45:56] [INFO] FPS: 80.000000
[2026-01-23 23:45:57] [INFO] FPS: 79.443893
[2026-01-23 23:45:59] [INFO] FPS: 79.443893
[2026-01-23 23:46:00] [INFO] FPS: 78.528827
[2026-01-23 23:46:01] [INFO] FPS: 79.443893
[2026-01-23 23:46:02] [INFO] FPS: 80.516899
[2026-01-23 23:46:04] [INFO] FPS: 80.000000
[2026-01-23 23:46:05] [INFO] FPS: 79.365079
[2026-01-23 23:46:06] [INFO] FPS: 79.207921
[2026-01-23 23:46:07] [INFO] FPS: 80.919081
[2026-01-23 23:46:09] [INFO] FPS: 75.697211
[2026-01-23 23:46:10] [INFO] FPS: 77.689243
[2026-01-23 23:46:11] [INFO] FPS: 77.611940
[2026-01-23 23:46:13] [INFO] FPS: 77.611940
[2026-01-23 23:46:14] [INFO] FPS: 79.920080
[2026-01-23 23:46:15] [INFO] FPS: 77.534791
[2026-01-23 23:46:16] [INFO] FPS: 78.685259
[2026-01-23 23:46:18] [INFO] FPS: 77.844311
[2026-01-23 23:46:19] [INFO] FPS: 78.450844
[2026-01-23 23:46:20] [INFO] FPS: 78.450844
[2026-01-23 23:46:21] [INFO] FPS: 79.840319
[2026-01-23 23:46:23] [INFO] FPS: 77.075099
[2026-01-23 23:46:24] [INFO] FPS: 78.373016
[2026-01-23 23:46:25] [INFO] FPS: 74.257426
[2026-01-23 23:46:27] [INFO] FPS: 80.000000
[2026-01-23 23:46:28] [INFO] FPS: 79.000000
[2026-01-23 23:46:29] [INFO] FPS: 80.277502
[2026-01-23 23:46:30] [INFO] FPS: 78.450844
[2026-01-23 23:46:32] [INFO] FPS: 76.616915
[2026-01-23 23:46:33] [INFO] FPS: 77.611940
[2026-01-23 23:46:34] [INFO] FPS: 76.271186
[2026-01-23 23:46:36] [INFO] FPS: 78.606965
[2026-01-23 23:46:37] [INFO] FPS: 77.075099
[2026-01-23 23:46:38] [INFO] FPS: 77.000000
[2026-01-23 23:46:39] [INFO] FPS: 78.450844
[2026-01-23 23:46:41] [INFO] FPS: 79.000000
[2026-01-23 23:46:42] [INFO] FPS: 80.000000
[2026-01-23 23:46:43] [INFO] FPS: 80.597015
[2026-01-23 23:46:45] [INFO] FPS: 72.134387
[2026-01-23 23:46:46] [INFO] FPS: 79.840319
[2026-01-23 23:46:47] [INFO] FPS: 79.760718
[2026-01-23 23:46:49] [INFO] FPS: 69.790628
[2026-01-23 23:46:50] [INFO] FPS: 76.540755
[2026-01-23 23:46:51] [INFO] FPS: 80.118694
[2026-01-23 23:46:52] [INFO] FPS: 78.140455
[2026-01-23 23:46:54] [INFO] FPS: 78.295342
[2026-01-23 23:46:55] [INFO] FPS: 79.522863
[2026-01-23 23:46:56] [INFO] FPS: 79.000000
[2026-01-23 23:46:57] [INFO] FPS: 78.000000
[2026-01-23 23:46:59] [INFO] FPS: 77.689243
[2026-01-23 23:47:00] [INFO] FPS: 78.450844
[2026-01-23 23:47:01] [INFO] FPS: 80.677291
[2026-01-23 23:47:02] [INFO] FPS: 79.000000
[2026-01-23 23:47:04] [INFO] FPS: 79.681275
[2026-01-23 23:47:05] [INFO] FPS: 79.681275
[2026-01-23 23:47:06] [INFO] FPS: 79.681275
[2026-01-23 23:47:07] [INFO] FPS: 78.921079
[2026-01-23 23:47:09] [INFO] FPS: 78.685259
[2026-01-23 23:47:10] [INFO] FPS: 76.540755
[2026-01-23 23:47:11] [INFO] FPS: 79.365079
[2026-01-23 23:47:13] [INFO] FPS: 81.027668
[2026-01-23 23:47:14] [INFO] FPS: 79.286422
[2026-01-23 23:47:15] [INFO] FPS: 81.918082
[2026-01-23 23:47:16] [INFO] FPS: 80.677291
[2026-01-23 23:47:18] [INFO] FPS: 81.107814
[2026-01-23 23:47:19] [INFO] FPS: 79.129575
[2026-01-23 23:47:20] [INFO] FPS: 77.380952
[2026-01-23 23:47:21] [INFO] FPS: 79.760718
[2026-01-23 23:47:23] [INFO] FPS: 79.920080
[2026-01-23 23:47:24] [INFO] FPS: 80.516899
[2026-01-23 23:47:25] [INFO] FPS: 80.436941
[2026-01-23 23:47:26] [INFO] FPS: 81.510934
[2026-01-23 23:47:28] [INFO] FPS: 81.349206
[2026-01-23 23:47:29] [INFO] FPS: 80.277502
[2026-01-23 23:47:30] [INFO] FPS: 75.924076
[2026-01-23 23:47:31] [INFO] FPS: 80.757727
[2026-01-23 23:47:33] [INFO] FPS: 78.606965
[2026-01-23 23:47:34] [INFO] FPS: 79.760718
[2026-01-23 23:47:35] [INFO] FPS: 81.268583
[2026-01-23 23:47:36] [INFO] FPS: 80.436941
[2026-01-23 23:47:38] [INFO] FPS: 80.436941
[2026-01-23 23:47:39] [INFO] FPS: 79.760718
[2026-01-23 23:47:40] [INFO] FPS: 79.000000
[2026-01-23 23:47:41] [INFO] FPS: 81.268583
[2026-01-23 23:47:43] [INFO] FPS: 81.268583
[2026-01-23 23:47:44] [INFO] FPS: 79.920080
[2026-01-23 23:47:45] [INFO] FPS: 79.601990
[2026-01-23 23:47:46] [INFO] FPS: 79.920080
[2026-01-23 23:47:48] [INFO] FPS: 75.173096
[2026-01-23 23:56:05] [INFO] === AprilTag Multi-Camera Vision System ===
[2026-01-23 23:56:05] [INFO] Starting advanced vision system with fusion and networking...
[2026-01-23 23:56:05] [INFO] Field layout loaded: /Users/sim/Projects/aprilTagDetector/Layout/2025-official.json
[2026-01-23 23:56:05] [INFO] Added camera: front_camera
[2026-01-23 23:56:05] [INFO] Network streamer started on 127.0.0.1:5800
[2026-01-23 23:56:05] [INFO] Network streamer started on UDP port 5800
[2026-01-23 23:56:05] [INFO] NetworkTables publishing disabled
[2026-01-23 23:56:05] [INFO] Added MJPEG stream: front_camera on port 8081
[2026-01-23 23:56:05] [INFO] MJPEG stream 'front_camera' started on port 8081
[2026-01-23 23:56:05] [INFO] MJPEG streams started
[2026-01-23 23:56:05] [INFO] Web server started on port 8080
[2026-01-23 23:56:05] [INFO] Web interface available at http://localhost:8080
[2026-01-23 23:56:07] [INFO] Started camera stream: front_camera
[2026-01-23 23:56:07] [INFO] All cameras started
[2026-01-23 23:56:07] [INFO] System running. Press Ctrl+C to exit.
[2026-01-23 23:56:07] [INFO] Web interface: http://localhost:8080
[2026-01-23 23:56:08] [INFO] FPS: 81.673307
[2026-01-23 23:56:09] [INFO] FPS: 80.436941
[2026-01-23 23:56:11] [INFO] FPS: 80.597015
[2026-01-23 23:56:12] [INFO] FPS: 81.349206
[2026-01-23 23:56:13] [INFO] FPS: 81.268583
[2026-01-23 23:56:14] [INFO] FPS: 77.380952
[2026-01-23 23:56:15] [INFO] FPS: 81.673307
[2026-01-23 23:56:17] [INFO] FPS: 81.188119
[2026-01-23 23:56:18] [INFO] FPS: 81.592040
[2026-01-23 23:56:19] [INFO] FPS: 81.188119
[2026-01-23 23:56:20] [INFO] FPS: 80.919081
[2026-01-23 23:56:22] [INFO] FPS: 81.349206
[2026-01-23 23:56:23] [INFO] FPS: 80.838323
[2026-01-23 23:56:24] [INFO] FPS: 80.516899
[2026-01-23 23:56:25] [INFO] FPS: 81.188119
[2026-01-23 23:56:27] [INFO] FPS: 80.198020
[2026-01-23 23:56:28] [INFO] FPS: 81.510934
[2026-01-23 23:56:29] [INFO] FPS: 80.677291
[2026-01-23 23:56:30] [INFO] FPS: 75.396825
[2026-01-23 23:56:32] [INFO] FPS: 81.107814
[2026-01-23 23:56:33] [INFO] FPS: 80.118694
[2026-01-23 23:56:34] [INFO] FPS: 80.597015
[2026-01-23 23:56:35] [INFO] FPS: 81.673307
[2026-01-23 23:56:37] [INFO] FPS: 81.673307
[2026-01-23 23:56:38] [INFO] FPS: 82.423039
[2026-01-23 23:56:39] [INFO] FPS: 80.277502
[2026-01-23 23:56:40] [INFO] FPS: 83.086053
[2026-01-23 23:56:41] [INFO] FPS: 81.592040
[2026-01-23 23:56:43] [INFO] FPS: 77.611940
[2026-01-23 23:56:44] [INFO] FPS: 79.840319
[2026-01-23 23:56:45] [INFO] FPS: 80.677291
[2026-01-23 23:56:46] [INFO] FPS: 80.436941
[2026-01-23 23:56:48] [INFO] FPS: 80.597015
[2026-01-23 23:56:49] [INFO] FPS: 76.849183
[2026-01-23 23:56:50] [INFO] FPS: 81.754736
[2026-01-23 23:56:51] [INFO] FPS: 82.341270
[2026-01-23 23:56:53] [INFO] FPS: 81.429990
[2026-01-23 23:56:54] [INFO] FPS: 80.838323
[2026-01-23 23:56:55] [INFO] FPS: 78.921079
[2026-01-23 23:56:56] [INFO] FPS: 77.766700
[2026-01-23 23:56:58] [INFO] FPS: 83.003953
[2026-01-23 23:56:59] [INFO] FPS: 80.436941
[2026-01-23 23:57:00] [INFO] FPS: 81.918082
[2026-01-23 23:57:01] [INFO] FPS: 78.763709
[2026-01-23 23:57:03] [INFO] FPS: 80.516899
[2026-01-23 23:57:04] [INFO] FPS: 80.757727
[2026-01-23 23:57:05] [INFO] FPS: 81.349206
[2026-01-23 23:57:06] [INFO] FPS: 81.510934
[2026-01-23 23:57:08] [INFO] FPS: 78.763709
[2026-01-23 23:57:09] [INFO] FPS: 82.341270
[2026-01-23 23:57:10] [INFO] FPS: 81.510934
[2026-01-23 23:57:11] [INFO] FPS: 81.188119
[2026-01-23 23:57:12] [INFO] FPS: 81.673307
[2026-01-23 23:57:14] [INFO] FPS: 80.597015
[2026-01-23 23:57:15] [INFO] FPS: 77.844311
[2026-01-23 23:57:16] [INFO] FPS: 78.763709
[2026-01-23 23:57:17] [INFO] FPS: 82.423039
[2026-01-23 23:57:19] [INFO] FPS: 80.436941
[2026-01-23 23:57:20] [INFO] FPS: 82.015810
[2026-01-23 23:57:21] [INFO] FPS: 76.540755
[2026-01-23 23:57:22] [INFO] FPS: 81.188119
[2026-01-23 23:57:24] [INFO] FPS: 80.277502
[2026-01-23 23:57:25] [INFO] FPS: 80.039526
[2026-01-23 23:57:26] [INFO] FPS: 81.188119
[2026-01-23 23:57:27] [INFO] FPS: 79.681275
[2026-01-23 23:57:29] [INFO] FPS: 81.673307
[2026-01-23 23:57:30] [INFO] FPS: 81.754736
[2026-01-23 23:57:31] [INFO] FPS: 80.118694
[2026-01-23 23:57:32] [INFO] FPS: 81.027668
[2026-01-23 23:57:34] [INFO] FPS: 81.000000
[2026-01-23 23:57:35] [INFO] FPS: 80.516899
[2026-01-23 23:57:36] [INFO] FPS: 79.601990
[2026-01-23 23:57:37] [INFO] FPS: 79.760718
[2026-01-23 23:57:39] [INFO] FPS: 81.836327
[2026-01-23 23:57:40] [INFO] FPS: 80.357143
[2026-01-23 23:57:41] [INFO] FPS: 80.677291
[2026-01-23 23:57:42] [INFO] FPS: 79.760718
[2026-01-23 23:57:44] [INFO] FPS: 80.357143
[2026-01-23 23:57:45] [INFO] FPS: 80.516899
[2026-01-23 23:57:46] [INFO] FPS: 81.000000
[2026-01-23 23:57:47] [INFO] FPS: 82.504970
[2026-01-23 23:57:48] [INFO] FPS: 80.757727
[2026-01-23 23:57:50] [INFO] FPS: 80.919081
[2026-01-23 23:57:51] [INFO] FPS: 80.039526
[2026-01-23 23:57:52] [INFO] FPS: 80.947680
[2026-01-23 23:57:53] [INFO] FPS: 79.601990
[2026-01-23 23:57:55] [INFO] FPS: 81.000000
[2026-01-23 23:57:56] [INFO] FPS: 81.592040
[2026-01-23 23:57:57] [INFO] FPS: 80.757727
[2026-01-23 23:57:58] [INFO] FPS: 80.838323
[2026-01-23 23:58:00] [INFO] FPS: 79.760718
[2026-01-23 23:58:01] [INFO] FPS: 80.919081
[2026-01-23 23:58:02] [INFO] FPS: 81.188119
[2026-01-23 23:58:03] [INFO] FPS: 80.919081
[2026-01-23 23:58:05] [INFO] FPS: 81.107814
[2026-01-23 23:58:06] [INFO] FPS: 80.757727
[2026-01-23 23:58:07] [INFO] FPS: 81.000000
[2026-01-23 23:58:08] [INFO] FPS: 81.754736
[2026-01-23 23:58:10] [INFO] FPS: 78.295342
[2026-01-23 23:58:11] [INFO] FPS: 81.107814
[2026-01-23 23:58:12] [INFO] FPS: 80.118694
[2026-01-23 23:58:13] [INFO] FPS: 81.429990
[2026-01-23 23:58:14] [INFO] FPS: 80.597015
[2026-01-23 23:58:16] [INFO] FPS: 80.198020
[2026-01-23 23:58:17] [INFO] FPS: 80.677291
[2026-01-23 23:58:18] [INFO] FPS: 81.349206
[2026-01-23 23:58:19] [INFO] FPS: 80.516899
[2026-01-23 23:58:21] [INFO] FPS: 82.096934
[2026-01-23 23:58:22] [INFO] FPS: 81.510934
[2026-01-23 23:58:23] [INFO] FPS: 82.341270
[2026-01-23 23:58:24] [INFO] FPS: 81.429990
[2026-01-23 23:58:26] [INFO] FPS: 80.757727
[2026-01-23 23:58:27] [INFO] FPS: 82.341270
[2026-01-23 23:58:28] [INFO] FPS: 82.015810
[2026-01-23 23:58:29] [INFO] FPS: 80.436941
[2026-01-23 23:58:31] [INFO] FPS: 81.107814
[2026-01-23 23:58:32] [INFO] FPS: 78.140455
[2026-01-23 23:58:33] [INFO] FPS: 82.669323
[2026-01-23 23:58:34] [INFO] FPS: 79.840319
[2026-01-23 23:58:35] [INFO] FPS: 81.000000
[2026-01-23 23:58:37] [INFO] FPS: 81.268583
[2026-01-23 23:58:38] [INFO] FPS: 81.000000
[2026-01-23 23:58:39] [INFO] FPS: 82.096934
[2026-01-23 23:58:40] [INFO] FPS: 80.118694
[2026-01-23 23:58:42] [INFO] FPS: 79.207921
[2026-01-23 23:58:43] [INFO] FPS: 80.277502
[2026-01-23 23:58:44] [INFO] FPS: 81.349206
[2026-01-23 23:58:45] [INFO] FPS: 81.918082
[2026-01-23 23:58:47] [INFO] FPS: 79.286422
[2026-01-23 23:58:48] [INFO] FPS: 80.677291
[2026-01-23 23:58:49] [INFO] FPS: 80.757727
[2026-01-23 23:58:50] [INFO] FPS: 81.510934
[2026-01-23 23:58:52] [INFO] FPS: 80.357143
[2026-01-23 23:58:53] [INFO] FPS: 80.436941
[2026-01-23 23:58:54] [INFO] FPS: 80.436941
[2026-01-23 23:58:55] [INFO] FPS: 80.597015
[2026-01-23 23:58:57] [INFO] FPS: 80.118694
[2026-01-23 23:58:58] [INFO] FPS: 81.000000
[2026-01-23 23:58:59] [INFO] FPS: 80.838323
[2026-01-23 23:59:00] [INFO] FPS: 81.429990
[2026-01-23 23:59:02] [INFO] FPS: 80.677291
[2026-01-23 23:59:03] [INFO] FPS: 81.107814
[2026-01-23 23:59:04] [INFO] FPS: 79.920080
[2026-01-23 23:59:05] [INFO] FPS: 81.592040
[2026-01-23 23:59:06] [INFO] FPS: 81.510934
[2026-01-23 23:59:08] [INFO] FPS: 80.838323
[2026-01-23 23:59:09] [INFO] FPS: 81.510934
[2026-01-23 23:59:10] [INFO] FPS: 81.349206
[2026-01-23 23:59:11] [INFO] FPS: 81.027668
[2026-01-23 23:59:13] [INFO] FPS: 81.429990
[2026-01-23 23:59:14] [INFO] FPS: 81.107814
[2026-01-23 23:59:15] [INFO] FPS: 79.207921
[2026-01-23 23:59:16] [INFO] FPS: 78.763709
[2026-01-23 23:59:18] [INFO] FPS: 78.763709
[2026-01-23 23:59:19] [INFO] FPS: 80.118694
[2026-01-23 23:59:20] [INFO] FPS: 73.926074
[2026-01-23 23:59:22] [INFO] FPS: 76.162216
[2026-01-23 23:59:23] [INFO] FPS: 80.357143
[2026-01-23 23:59:24] [INFO] FPS: 78.606965
[2026-01-23 23:59:25] [INFO] FPS: 78.140455
[2026-01-23 23:59:27] [INFO] FPS: 78.140455
[2026-01-23 23:59:28] [INFO] FPS: 79.365079
[2026-01-23 23:59:29] [INFO] FPS: 78.842315
[2026-01-23 23:59:30] [INFO] FPS: 80.039526
[2026-01-23 23:59:32] [INFO] FPS: 79.207921
[2026-01-23 23:59:33] [INFO] Fused pose: [17.428449, -0.863589, 1.094773] Confidence: 4.271506 Cameras: 1 NT: Disconnected
[2026-01-23 23:59:33] [INFO] FPS: 80.677291
[2026-01-23 23:59:33] [INFO] Fused pose: [17.434560, -0.915914, 1.063827] Confidence: 4.481313 Cameras: 1 NT: Disconnected
[2026-01-23 23:59:34] [INFO] Fused pose: [17.439982, -0.920564, 1.076352] Confidence: 5.119595 Cameras: 1 NT: Disconnected
[2026-01-23 23:59:34] [INFO] Fused pose: [17.475817, -0.897530, 1.315221] Confidence: 4.324127 Cameras: 1 NT: Disconnected
[2026-01-23 23:59:34] [INFO] FPS: 73.852295
[2026-01-23 23:59:34] [INFO] Fused pose: [17.543192, -0.808929, 1.263702] Confidence: 3.939478 Cameras: 1 NT: Disconnected
[2026-01-23 23:59:35] [INFO] Fused pose: [17.557409, -0.907199, 0.895899] Confidence: 5.227712 Cameras: 1 NT: Disconnected
[2026-01-23 23:59:35] [INFO] Fused pose: [17.523657, -1.027958, 0.594996] Confidence: 4.254731 Cameras: 1 NT: Disconnected
[2026-01-23 23:59:36] [INFO] FPS: 73.558648
[2026-01-23 23:59:36] [INFO] Fused pose: [16.600965, -1.377932, 0.954539] Confidence: 5.416359 Cameras: 1 NT: Disconnected
[2026-01-23 23:59:36] [INFO] Fused pose: [16.503077, -1.390297, 0.755045] Confidence: 2.551729 Cameras: 1 NT: Disconnected
[2026-01-23 23:59:37] [INFO] FPS: 72.709163
[2026-01-23 23:59:38] [INFO] Fused pose: [18.663140, 0.414981, 0.454355] Confidence: 2.923276 Cameras: 1 NT: Disconnected
[2026-01-23 23:59:38] [INFO] Fused pose: [17.842036, -0.650127, 0.241050] Confidence: 5.906884 Cameras: 1 NT: Disconnected
[2026-01-23 23:59:38] [INFO] FPS: 74.404762
[2026-01-23 23:59:39] [INFO] Fused pose: [17.913689, -0.791808, 0.666053] Confidence: 7.096219 Cameras: 1 NT: Disconnected
[2026-01-23 23:59:39] [INFO] Fused pose: [17.913828, -0.758365, 1.037491] Confidence: 4.342885 Cameras: 1 NT: Disconnected
[2026-01-23 23:59:39] [INFO] Fused pose: [17.872547, -0.619455, 1.168212] Confidence: 3.866766 Cameras: 1 NT: Disconnected
[2026-01-23 23:59:40] [INFO] FPS: 73.926074
[2026-01-23 23:59:40] [INFO] Fused pose: [17.609104, -0.369654, 1.216547] Confidence: 2.073175 Cameras: 1 NT: Disconnected
[2026-01-23 23:59:41] [INFO] Fused pose: [17.099208, 0.046219, 1.568335] Confidence: 0.936250 Cameras: 1 NT: Disconnected
[2026-01-23 23:59:41] [INFO] Fused pose: [17.140613, 0.154906, 1.640226] Confidence: 2.440515 Cameras: 1 NT: Disconnected
[2026-01-23 23:59:41] [INFO] FPS: 75.024679
[2026-01-23 23:59:41] [INFO] Fused pose: [17.141803, 0.050939, 1.549522] Confidence: 1.242187 Cameras: 1 NT: Disconnected
[2026-01-23 23:59:42] [INFO] Fused pose: [17.306131, 0.013177, 1.383998] Confidence: 5.235299 Cameras: 1 NT: Disconnected
[2026-01-23 23:59:42] [INFO] Fused pose: [17.414771, 0.079695, 1.431812] Confidence: 3.671408 Cameras: 1 NT: Disconnected
[2026-01-23 23:59:42] [INFO] FPS: 73.194857
[2026-01-23 23:59:43] [INFO] Fused pose: [17.348619, 0.078447, 1.488762] Confidence: 2.581570 Cameras: 1 NT: Disconnected
[2026-01-23 23:59:43] [INFO] Fused pose: [17.171152, -0.061242, 1.392849] Confidence: 1.615590 Cameras: 1 NT: Disconnected
[2026-01-23 23:59:43] [INFO] Fused pose: [17.157066, -0.028241, 1.344605] Confidence: 1.721811 Cameras: 1 NT: Disconnected
[2026-01-23 23:59:44] [INFO] FPS: 74.000000
[2026-01-23 23:59:44] [INFO] Fused pose: [17.168335, -0.021456, 1.324040] Confidence: 1.680655 Cameras: 1 NT: Disconnected
[2026-01-23 23:59:44] [INFO] Fused pose: [17.186842, -0.010323, 1.308545] Confidence: 1.469638 Cameras: 1 NT: Disconnected
[2026-01-23 23:59:45] [INFO] Fused pose: [17.190594, -0.012561, 1.319116] Confidence: 1.581503 Cameras: 1 NT: Disconnected
[2026-01-23 23:59:45] [INFO] Fused pose: [17.191386, -0.014931, 1.326781] Confidence: 1.695780 Cameras: 1 NT: Disconnected
[2026-01-23 23:59:45] [INFO] FPS: 74.257426
[2026-01-23 23:59:45] [INFO] Fused pose: [17.183150, -0.016144, 1.342890] Confidence: 1.700044 Cameras: 1 NT: Disconnected
[2026-01-23 23:59:46] [INFO] Fused pose: [17.204090, -0.007172, 1.324036] Confidence: 1.748670 Cameras: 1 NT: Disconnected
[2026-01-23 23:59:46] [INFO] Fused pose: [17.203933, -0.012307, 1.325281] Confidence: 1.928276 Cameras: 1 NT: Disconnected
[2026-01-23 23:59:46] [INFO] FPS: 74.037512
[2026-01-23 23:59:47] [INFO] Fused pose: [17.201290, -0.020631, 1.320796] Confidence: 1.859149 Cameras: 1 NT: Disconnected
[2026-01-23 23:59:47] [INFO] Fused pose: [17.204338, -0.017468, 1.322980] Confidence: 1.860174 Cameras: 1 NT: Disconnected
[2026-01-23 23:59:47] [INFO] Fused pose: [17.207998, -0.023815, 1.321761] Confidence: 1.696297 Cameras: 1 NT: Disconnected
[2026-01-23 23:59:48] [INFO] FPS: 73.964497
[2026-01-23 23:59:48] [INFO] Fused pose: [17.193499, -0.002813, 1.495139] Confidence: 1.265066 Cameras: 1 NT: Disconnected
[2026-01-23 23:59:49] [INFO] FPS: 76.540755
[2026-01-23 23:59:50] [INFO] FPS: 77.689243
[2026-01-23 23:59:52] [INFO] FPS: 77.766700
[2026-01-23 23:59:53] [INFO] FPS: 77.304262
[2026-01-23 23:59:54] [INFO] FPS: 79.286422
[2026-01-23 23:59:56] [INFO] FPS: 75.396825
[2026-01-23 23:59:57] [INFO] FPS: 78.140455
[2026-01-23 23:59:58] [INFO] FPS: 73.926074
[2026-01-23 23:59:59] [INFO] FPS: 78.763709
[2026-01-24 00:00:01] [INFO] FPS: 77.534791
[2026-01-24 00:00:02] [INFO] FPS: 77.000000
[2026-01-24 00:00:03] [INFO] FPS: 79.000000
[2026-01-24 00:00:05] [INFO] FPS: 77.457795
[2026-01-24 00:00:06] [INFO] FPS: 77.380952
[2026-01-24 00:00:07] [INFO] FPS: 79.129575
[2026-01-24 00:00:08] [INFO] FPS: 76.769691
[2026-01-24 00:00:10] [INFO] FPS: 77.380952
[2026-01-24 00:00:11] [INFO] FPS: 75.247525
[2026-01-24 00:00:12] [INFO] FPS: 77.151335
[2026-01-24 00:00:14] [INFO] FPS: 78.063241
[2026-01-24 00:00:15] [INFO] FPS: 78.450844
[2026-01-24 00:00:16] [INFO] FPS: 76.540755
[2026-01-24 00:00:17] [INFO] FPS: 76.011846
[2026-01-24 00:00:19] [INFO] FPS: 77.075099
[2026-01-24 00:00:20] [INFO] FPS: 73.194857
[2026-01-24 00:00:21] [INFO] FPS: 77.380952
[2026-01-24 00:00:23] [INFO] FPS: 77.844311
[2026-01-24 00:00:24] [INFO] FPS: 77.844311
[2026-01-24 00:00:25] [INFO] FPS: 78.000000
[2026-01-24 00:00:27] [INFO] FPS: 77.304262
[2026-01-24 00:00:28] [INFO] FPS: 78.295342
[2026-01-24 00:00:29] [INFO] FPS: 75.247525
[2026-01-24 00:00:30] [INFO] FPS: 76.771654
[2026-01-24 00:00:32] [INFO] FPS: 79.681275
[2026-01-24 00:00:33] [INFO] FPS: 78.528827
[2026-01-24 00:00:34] [INFO] FPS: 77.689243
[2026-01-24 00:00:36] [INFO] FPS: 77.457795
[2026-01-24 00:00:37] [INFO] FPS: 79.000000
[2026-01-24 00:00:38] [INFO] FPS: 78.763709
[2026-01-24 00:00:39] [INFO] FPS: 78.373016
[2026-01-24 00:00:41] [INFO] FPS: 77.611940
[2026-01-24 00:00:42] [INFO] FPS: 71.784646
[2026-01-24 00:00:43] [INFO] FPS: 79.443893
[2026-01-24 00:00:45] [INFO] FPS: 79.601990
[2026-01-24 00:00:46] [INFO] FPS: 79.760718
[2026-01-24 00:00:47] [INFO] FPS: 79.760718
[2026-01-24 00:00:48] [INFO] FPS: 75.396825
[2026-01-24 00:00:50] [INFO] FPS: 79.920080
[2026-01-24 00:00:51] [INFO] FPS: 79.207921
[2026-01-24 00:00:52] [INFO] FPS: 80.357143
[2026-01-24 00:00:53] [INFO] FPS: 78.921079
[2026-01-24 00:00:55] [INFO] FPS: 75.546720
[2026-01-24 00:00:56] [INFO] FPS: 79.920080
[2026-01-24 00:00:57] [INFO] FPS: 76.540755
[2026-01-24 00:00:59] [INFO] FPS: 79.601990
[2026-01-24 00:01:00] [INFO] FPS: 79.443893
[2026-01-24 00:01:01] [INFO] Interrupt signal received. Shutting down...
[2026-01-24 00:01:01] [INFO] Shutting down...
[2026-01-24 00:01:01] [INFO] Stopped camera stream: front_camera
[2026-01-24 00:01:01] [INFO] MJPEG stream 'front_camera' stopped
[2026-01-24 00:01:01] [INFO] Network streamer stopped
[2026-01-24 00:01:01] [INFO] Web server stopped
[2026-01-24 00:01:01] [INFO] Final performance statistics:
[2026-01-24 00:01:01] [INFO] System shutdown complete. Processed 23383 frames.
[2026-01-24 09:55:33] [INFO] === AprilTag Multi-Camera Vision System ===
[2026-01-24 09:55:33] [INFO] Starting advanced vision system with fusion and networking...
[2026-01-24 09:55:33] [INFO] Field layout loaded: /Users/sim/Projects/aprilTagDetector/Layout/2025-official.json
[2026-01-24 09:55:33] [INFO] Added camera: front_camera
[2026-01-24 09:55:33] [INFO] Network streamer started on 127.0.0.1:5800
[2026-01-24 09:55:33] [INFO] Network streamer started on UDP port 5800
[2026-01-24 09:55:33] [INFO] NetworkTables publishing disabled
[2026-01-24 09:55:33] [INFO] Added MJPEG stream: front_camera on port 8081
[2026-01-24 09:55:33] [INFO] MJPEG stream 'front_camera' started on port 8081
[2026-01-24 09:55:33] [INFO] MJPEG streams started
[2026-01-24 09:55:33] [INFO] Web server started on port 8080
[2026-01-24 09:55:33] [INFO] Web interface available at http://localhost:8080
[2026-01-24 09:55:35] [INFO] Started camera stream: front_camera
[2026-01-24 09:55:35] [INFO] All cameras started
[2026-01-24 09:55:35] [INFO] System running. Press Ctrl+C to exit.
[2026-01-24 09:55:35] [INFO] Web interface: http://localhost:8080
[2026-01-24 09:55:37] [INFO] FPS: 80.118694
[2026-01-24 09:55:38] [INFO] FPS: 81.592040
[2026-01-24 09:55:39] [INFO] FPS: 78.973346
[2026-01-24 09:55:40] [INFO] FPS: 79.760718
[2026-01-24 09:55:42] [INFO] FPS: 78.217822
[2026-01-24 09:55:43] [INFO] FPS: 80.516899
[2026-01-24 09:55:44] [INFO] FPS: 78.140455
[2026-01-24 09:55:45] [INFO] FPS: 82.000000
[2026-01-24 09:55:47] [INFO] FPS: 82.000000
[2026-01-24 09:55:48] [INFO] FPS: 81.188119
[2026-01-24 09:55:49] [INFO] FPS: 81.107814
[2026-01-24 09:55:50] [INFO] FPS: 81.673307
[2026-01-24 09:56:23] [INFO] === AprilTag Multi-Camera Vision System ===
[2026-01-24 09:56:23] [INFO] Starting advanced vision system with fusion and networking...
[2026-01-24 09:56:23] [INFO] Field layout loaded: /Users/sim/Projects/aprilTagDetector/Layout/2025-official.json
[2026-01-24 09:56:23] [INFO] Added camera: front_camera
[2026-01-24 09:56:23] [INFO] Network streamer started on 127.0.0.1:5800
[2026-01-24 09:56:23] [INFO] Network streamer started on UDP port 5800
[2026-01-24 09:56:23] [INFO] NetworkTables publishing disabled
[2026-01-24 09:56:23] [INFO] Added MJPEG stream: front_camera on port 8081
[2026-01-24 09:56:23] [INFO] MJPEG stream 'front_camera' started on port 8081
[2026-01-24 09:56:23] [INFO] MJPEG streams started
[2026-01-24 09:56:23] [INFO] Web server started on port 8080
[2026-01-24 09:56:23] [INFO] Web interface available at http://localhost:8080
[2026-01-24 09:56:25] [INFO] Started camera stream: front_camera
[2026-01-24 09:56:25] [INFO] All cameras started
[2026-01-24 09:56:25] [INFO] System running. Press Ctrl+C to exit.
[2026-01-24 09:56:25] [INFO] Web interface: http://localhost:8080
[2026-01-24 09:56:26] [INFO] FPS: 81.429990
[2026-01-24 09:56:28] [INFO] FPS: 81.188119
[2026-01-24 09:56:29] [INFO] FPS: 80.919081
[2026-01-24 09:56:30] [INFO] FPS: 80.919081
[2026-01-24 09:56:31] [INFO] FPS: 80.838323
[2026-01-24 09:56:32] [INFO] FPS: 80.838323
[2026-01-24 09:56:34] [INFO] FPS: 81.188119
[2026-01-24 09:56:35] [INFO] FPS: 81.107814
[2026-01-24 09:56:36] [INFO] FPS: 78.685259
[2026-01-24 09:56:37] [INFO] FPS: 79.840319
[2026-01-24 09:56:39] [INFO] FPS: 79.840319
[2026-01-24 09:56:40] [INFO] FPS: 79.681275
[2026-01-24 09:56:41] [INFO] FPS: 80.198020
[2026-01-24 09:56:43] [INFO] FPS: 79.681275
[2026-01-24 09:56:44] [INFO] FPS: 79.601990
[2026-01-24 09:56:45] [INFO] FPS: 78.685259
[2026-01-24 09:56:46] [INFO] FPS: 80.000000
[2026-01-24 09:56:48] [INFO] FPS: 79.681275
[2026-01-24 09:56:49] [INFO] FPS: 80.198020
[2026-01-24 09:56:50] [INFO] FPS: 80.039526
[2026-01-24 09:56:51] [INFO] FPS: 80.436941
[2026-01-24 09:56:53] [INFO] FPS: 78.606965
[2026-01-24 09:56:54] [INFO] FPS: 79.365079
[2026-01-24 09:56:55] [INFO] FPS: 79.443893
[2026-01-24 09:56:56] [INFO] FPS: 79.207921
[2026-01-24 09:56:58] [INFO] FPS: 80.516899
[2026-01-24 09:56:59] [INFO] FPS: 79.365079
[2026-01-24 09:57:00] [INFO] FPS: 79.681275
[2026-01-24 09:57:01] [INFO] FPS: 79.522863
[2026-01-24 09:57:03] [INFO] FPS: 80.000000
[2026-01-24 09:57:04] [INFO] FPS: 79.681275
[2026-01-24 09:57:05] [INFO] FPS: 81.349206
[2026-01-24 09:57:06] [INFO] FPS: 79.920080
[2026-01-24 09:57:08] [INFO] FPS: 79.760718
[2026-01-24 09:57:09] [INFO] FPS: 79.365079
[2026-01-24 09:57:10] [INFO] FPS: 80.039526
[2026-01-24 09:57:11] [INFO] FPS: 80.118694
[2026-01-24 09:57:13] [INFO] FPS: 79.681275
[2026-01-24 09:57:14] [INFO] FPS: 80.919081
[2026-01-24 09:57:15] [INFO] FPS: 80.436941
[2026-01-24 09:57:16] [INFO] FPS: 79.601990
[2026-01-24 09:57:18] [INFO] FPS: 81.349206
[2026-01-24 09:57:19] [INFO] FPS: 80.357143
[2026-01-24 09:57:20] [INFO] FPS: 80.436941
[2026-01-24 09:57:21] [INFO] FPS: 80.277502
[2026-01-24 09:57:23] [INFO] FPS: 80.118694
[2026-01-24 09:57:24] [INFO] FPS: 79.601990
[2026-01-24 09:57:25] [INFO] FPS: 78.842315
[2026-01-24 09:57:26] [INFO] FPS: 80.838323
[2026-01-24 09:57:28] [INFO] FPS: 80.277502
[2026-01-24 09:57:29] [INFO] FPS: 81.349206
[2026-01-24 09:57:30] [INFO] FPS: 80.757727
[2026-01-24 09:57:31] [INFO] FPS: 80.357143
[2026-01-24 09:57:33] [INFO] FPS: 81.188119
[2026-01-24 09:57:34] [INFO] FPS: 81.268583
[2026-01-24 09:57:35] [INFO] FPS: 80.838323
[2026-01-24 09:57:36] [INFO] Fused pose: [17.623996, -1.127424, 0.765507] Confidence: 6.446472 Cameras: 1 NT: Disconnected
[2026-01-24 09:57:36] [INFO] Fused pose: [17.462638, -1.278696, 1.061763] Confidence: 6.777761 Cameras: 1 NT: Disconnected
[2026-01-24 09:57:36] [INFO] FPS: 79.840319
[2026-01-24 09:57:36] [INFO] Fused pose: [17.620336, -1.202143, 1.465159] Confidence: 8.528406 Cameras: 1 NT: Disconnected
[2026-01-24 09:57:37] [INFO] Fused pose: [17.655074, -1.144210, 1.655751] Confidence: 6.755015 Cameras: 1 NT: Disconnected
[2026-01-24 09:57:37] [INFO] Fused pose: [17.683699, -1.009152, 1.995064] Confidence: 6.091984 Cameras: 1 NT: Disconnected
[2026-01-24 09:57:38] [INFO] Fused pose: [17.491024, -1.061176, 2.013895] Confidence: 6.875664 Cameras: 1 NT: Disconnected
[2026-01-24 09:57:38] [INFO] FPS: 76.086957
[2026-01-24 09:57:38] [INFO] Fused pose: [16.604903, -1.386597, 1.381719] Confidence: 7.091119 Cameras: 1 NT: Disconnected
[2026-01-24 09:57:38] [INFO] Fused pose: [17.249571, -1.275358, 1.368163] Confidence: 7.800636 Cameras: 1 NT: Disconnected
[2026-01-24 09:57:39] [INFO] Fused pose: [18.247525, -0.598196, 1.402435] Confidence: 4.461211 Cameras: 1 NT: Disconnected
[2026-01-24 09:57:39] [INFO] FPS: 76.388889
[2026-01-24 09:57:39] [INFO] Fused pose: [18.679789, 0.200691, 1.606941] Confidence: 4.787999 Cameras: 1 NT: Disconnected
[2026-01-24 09:57:40] [INFO] Fused pose: [18.654949, 0.495679, 1.902984] Confidence: 4.777128 Cameras: 1 NT: Disconnected
[2026-01-24 09:57:40] [INFO] Fused pose: [18.307796, 0.119202, 2.382088] Confidence: 4.817160 Cameras: 1 NT: Disconnected
[2026-01-24 09:57:40] [INFO] FPS: 75.697211
[2026-01-24 09:57:40] [INFO] Fused pose: [17.878528, -0.521329, 2.446717] Confidence: 6.361481 Cameras: 1 NT: Disconnected
[2026-01-24 09:57:41] [INFO] Fused pose: [17.443784, -1.274715, 1.833897] Confidence: 7.263276 Cameras: 1 NT: Disconnected
[2026-01-24 09:57:41] [INFO] Fused pose: [17.012445, -1.350748, 0.349352] Confidence: 6.875294 Cameras: 1 NT: Disconnected
[2026-01-24 09:57:42] [INFO] Fused pose: [17.761157, 0.292738, -0.529858] Confidence: 8.389240 Cameras: 1 NT: Disconnected
[2026-01-24 09:57:42] [INFO] FPS: 75.621891
[2026-01-24 09:57:42] [INFO] Fused pose: [18.641448, 0.941266, 1.301624] Confidence: 4.815783 Cameras: 1 NT: Disconnected
[2026-01-24 09:57:42] [INFO] Fused pose: [17.466932, -0.829440, 2.143989] Confidence: 3.868027 Cameras: 1 NT: Disconnected
[2026-01-24 09:57:43] [INFO] Fused pose: [17.330122, -1.175285, 1.556282] Confidence: 6.847633 Cameras: 1 NT: Disconnected
[2026-01-24 09:57:43] [INFO] FPS: 75.322101
[2026-01-24 09:57:43] [INFO] Fused pose: [17.441521, -0.401685, 2.572641] Confidence: 5.214965 Cameras: 1 NT: Disconnected
[2026-01-24 09:57:44] [INFO] Fused pose: [17.574564, -0.734177, 2.248324] Confidence: 6.429676 Cameras: 1 NT: Disconnected
[2026-01-24 09:57:44] [INFO] Fused pose: [17.548070, -0.687741, 2.394535] Confidence: 5.209395 Cameras: 1 NT: Disconnected
[2026-01-24 09:57:44] [INFO] FPS: 76.086957
[2026-01-24 09:57:44] [INFO] Fused pose: [17.538491, -0.592789, 2.433358] Confidence: 6.548023 Cameras: 1 NT: Disconnected
[2026-01-24 09:57:45] [INFO] Fused pose: [17.642116, -1.053166, 0.863942] Confidence: 6.862082 Cameras: 1 NT: Disconnected
[2026-01-24 09:57:45] [INFO] Fused pose: [17.514122, -0.620757, 0.168028] Confidence: 6.596078 Cameras: 1 NT: Disconnected
[2026-01-24 09:57:45] [INFO] Fused pose: [17.481467, -0.275509, -0.088912] Confidence: 6.003275 Cameras: 1 NT: Disconnected
[2026-01-24 09:57:46] [INFO] FPS: 76.693227
[2026-01-24 09:57:46] [INFO] Fused pose: [17.330749, -0.090131, -0.224454] Confidence: 6.253272 Cameras: 1 NT: Disconnected
[2026-01-24 09:57:46] [INFO] Fused pose: [17.281992, -0.060917, -0.206756] Confidence: 4.522501 Cameras: 1 NT: Disconnected
[2026-01-24 09:57:47] [INFO] Fused pose: [17.363082, -0.042705, -0.101697] Confidence: 4.302530 Cameras: 1 NT: Disconnected
[2026-01-24 09:57:47] [INFO] FPS: 74.331021
[2026-01-24 09:57:47] [INFO] Fused pose: [17.531501, -0.261334, 0.051315] Confidence: 5.045957 Cameras: 1 NT: Disconnected
[2026-01-24 09:57:47] [INFO] Fused pose: [17.867433, -0.799688, 0.675112] Confidence: 7.868881 Cameras: 1 NT: Disconnected
[2026-01-24 09:57:48] [INFO] Fused pose: [17.817124, -0.993136, 1.967680] Confidence: 7.188718 Cameras: 1 NT: Disconnected
[2026-01-24 09:57:48] [INFO] FPS: 75.000000
[2026-01-24 09:57:48] [INFO] Fused pose: [16.943563, -1.382183, 1.995371] Confidence: 7.338121 Cameras: 1 NT: Disconnected
[2026-01-24 09:57:49] [INFO] Fused pose: [16.399842, -1.303543, 2.240774] Confidence: 5.197105 Cameras: 1 NT: Disconnected
[2026-01-24 09:57:49] [INFO] Fused pose: [15.780400, -1.131840, 2.366810] Confidence: 6.969024 Cameras: 1 NT: Disconnected
[2026-01-24 09:57:50] [INFO] FPS: 74.331021
[2026-01-24 09:57:51] [INFO] Fused pose: [18.543284, -0.385792, 1.551015] Confidence: 3.898532 Cameras: 1 NT: Disconnected
[2026-01-24 09:57:51] [INFO] FPS: 77.075099
[2026-01-24 09:57:51] [INFO] Fused pose: [17.339131, -0.136305, 2.827560] Confidence: 4.865789 Cameras: 1 NT: Disconnected
[2026-01-24 09:57:51] [INFO] Fused pose: [17.569467, -0.356329, 2.173183] Confidence: 4.145106 Cameras: 1 NT: Disconnected
[2026-01-24 09:57:52] [INFO] Fused pose: [17.409782, -0.426939, 0.633500] Confidence: 4.527018 Cameras: 1 NT: Disconnected
[2026-01-24 09:57:52] [INFO] FPS: 75.322101
[2026-01-24 09:57:52] [INFO] Fused pose: [17.240340, -0.490886, 0.298085] Confidence: 4.391410 Cameras: 1 NT: Disconnected
[2026-01-24 09:57:53] [INFO] Fused pose: [17.523782, -0.721077, 0.904379] Confidence: 5.938878 Cameras: 1 NT: Disconnected
[2026-01-24 09:57:53] [INFO] Fused pose: [17.511050, -0.649731, 0.999419] Confidence: 2.270152 Cameras: 1 NT: Disconnected
[2026-01-24 09:57:53] [INFO] FPS: 76.000000
[2026-01-24 09:57:54] [INFO] Fused pose: [17.553966, -0.680914, 1.093218] Confidence: 3.555579 Cameras: 1 NT: Disconnected
[2026-01-24 09:57:54] [INFO] Fused pose: [17.557779, -0.602696, 0.814749] Confidence: 3.945216 Cameras: 1 NT: Disconnected
[2026-01-24 09:57:55] [INFO] FPS: 76.313181
[2026-01-24 09:57:56] [INFO] FPS: 78.217822
[2026-01-24 09:57:57] [INFO] Fused pose: [17.873094, -0.818959, 1.745670] Confidence: 4.804543 Cameras: 1 NT: Disconnected
[2026-01-24 09:57:57] [INFO] Fused pose: [17.236788, -1.359465, 1.492025] Confidence: 8.767057 Cameras: 1 NT: Disconnected
[2026-01-24 09:57:57] [INFO] FPS: 77.689243
[2026-01-24 09:57:58] [INFO] Fused pose: [16.782925, -1.364738, 1.748252] Confidence: 7.257478 Cameras: 1 NT: Disconnected
[2026-01-24 09:57:58] [INFO] Fused pose: [16.779554, -1.316868, 1.789962] Confidence: 7.307095 Cameras: 1 NT: Disconnected
[2026-01-24 09:57:58] [INFO] Fused pose: [16.796978, -1.298300, 1.761913] Confidence: 7.016105 Cameras: 1 NT: Disconnected
[2026-01-24 09:57:59] [INFO] FPS: 75.396825
[2026-01-24 09:57:59] [INFO] Fused pose: [16.958518, -1.239137, 1.793734] Confidence: 8.763425 Cameras: 1 NT: Disconnected
[2026-01-24 09:57:59] [INFO] Fused pose: [17.321275, -1.065923, 1.907233] Confidence: 6.868439 Cameras: 1 NT: Disconnected
[2026-01-24 09:58:00] [INFO] Fused pose: [17.971443, -0.602235, 2.006242] Confidence: 4.585376 Cameras: 1 NT: Disconnected
[2026-01-24 09:58:00] [INFO] FPS: 74.775673
[2026-01-24 09:58:00] [INFO] Fused pose: [18.432094, 0.038611, 1.924327] Confidence: 4.510839 Cameras: 1 NT: Disconnected
[2026-01-24 09:58:00] [INFO] Fused pose: [18.446154, 0.003254, 1.873531] Confidence: 3.736522 Cameras: 1 NT: Disconnected
[2026-01-24 09:58:01] [INFO] Fused pose: [17.810268, -0.883015, 1.762510] Confidence: 8.060627 Cameras: 1 NT: Disconnected
[2026-01-24 09:58:01] [INFO] Fused pose: [16.810194, -1.282378, 1.741208] Confidence: 7.385636 Cameras: 1 NT: Disconnected
[2026-01-24 09:58:01] [INFO] FPS: 76.000000
[2026-01-24 09:58:02] [INFO] Fused pose: [18.425627, 0.579404, 2.055893] Confidence: 3.919092 Cameras: 1 NT: Disconnected
[2026-01-24 09:58:03] [INFO] FPS: 75.000000
[2026-01-24 09:58:04] [INFO] FPS: 77.922078
[2026-01-24 09:58:05] [INFO] FPS: 79.207921
[2026-01-24 09:58:07] [INFO] FPS: 77.151335
[2026-01-24 09:58:08] [INFO] FPS: 79.051383
[2026-01-24 09:58:09] [INFO] FPS: 80.516899
[2026-01-24 09:58:09] [INFO] Interrupt signal received. Shutting down...
[2026-01-24 09:58:09] [INFO] Shutting down...
[2026-01-24 09:58:09] [INFO] Stopped camera stream: front_camera
[2026-01-24 09:58:09] [INFO] MJPEG stream 'front_camera' stopped
[2026-01-24 09:58:09] [INFO] Network streamer stopped
[2026-01-24 09:58:09] [INFO] Web server stopped
[2026-01-24 09:58:09] [INFO] Final performance statistics:
[2026-01-24 09:58:09] [INFO] System shutdown complete. Processed 8225 frames.
[2026-01-24 10:04:19] [INFO] === AprilTag Multi-Camera Vision System ===
[2026-01-24 10:04:19] [INFO] Starting advanced vision system with fusion and networking...
[2026-01-24 10:04:19] [INFO] Field layout loaded: /Users/sim/Projects/aprilTagDetector/Layout/2025-official.json
[2026-01-24 10:04:19] [INFO] Added camera: front_camera
[2026-01-24 10:04:19] [INFO] Network streamer started on 127.0.0.1:5800
[2026-01-24 10:04:19] [INFO] Network streamer started on UDP port 5800
[2026-01-24 10:04:19] [INFO] NetworkTables publishing disabled
[2026-01-24 10:04:19] [INFO] Added MJPEG stream: front_camera on port 8081
[2026-01-24 10:04:19] [INFO] MJPEG stream 'front_camera' started on port 8081
[2026-01-24 10:04:19] [INFO] MJPEG streams started
[2026-01-24 10:04:19] [INFO] Web server started on port 8080
[2026-01-24 10:04:19] [INFO] Web interface available at http://localhost:8080
[2026-01-24 10:04:21] [INFO] Started camera stream: front_camera
[2026-01-24 10:04:21] [INFO] All cameras started
[2026-01-24 10:04:21] [INFO] System running. Press Ctrl+C to exit.
[2026-01-24 10:04:21] [INFO] Web interface: http://localhost:8080
[2026-01-24 10:04:22] [INFO] FPS: 82.015810
[2026-01-24 10:04:23] [INFO] FPS: 81.107814
[2026-01-24 10:04:24] [INFO] FPS: 81.107814
[2026-01-24 10:04:26] [INFO] FPS: 81.000000
[2026-01-24 10:04:27] [INFO] FPS: 80.919081
[2026-01-24 10:04:28] [INFO] FPS: 79.920080
[2026-01-24 10:04:29] [INFO] FPS: 79.960513
[2026-01-24 10:04:30] [DEBUG] MJPEG client connected to front_camera
[2026-01-24 10:04:31] [INFO] FPS: 78.217822
[2026-01-24 10:04:32] [INFO] FPS: 79.920080
[2026-01-24 10:04:33] [INFO] FPS: 78.763709
[2026-01-24 10:04:34] [INFO] FPS: 79.051383
[2026-01-24 10:04:36] [INFO] FPS: 79.681275
[2026-01-24 10:04:37] [INFO] FPS: 79.129575
[2026-01-24 10:04:38] [INFO] FPS: 80.597015
[2026-01-24 10:04:39] [INFO] FPS: 78.973346
[2026-01-24 10:04:40] [INFO] Fused pose: [19.450771, -3.367214, 1.177172] Confidence: 6.804791 Cameras: 1 NT: Disconnected
[2026-01-24 10:04:40] [INFO] Fused pose: [19.647758, -2.932485, 1.856978] Confidence: 8.374685 Cameras: 1 NT: Disconnected
[2026-01-24 10:04:41] [INFO] Fused pose: [19.505683, -2.697061, 2.815727] Confidence: 7.780244 Cameras: 1 NT: Disconnected
[2026-01-24 10:04:41] [INFO] FPS: 77.766700
[2026-01-24 10:04:41] [INFO] Fused pose: [19.404866, -2.843628, 3.110103] Confidence: 8.094769 Cameras: 1 NT: Disconnected
[2026-01-24 10:04:41] [INFO] Fused pose: [19.610500, -2.869777, 2.659886] Confidence: 7.210888 Cameras: 1 NT: Disconnected
[2026-01-24 10:04:42] [INFO] Fused pose: [19.124382, -3.249084, 0.415211] Confidence: 8.343886 Cameras: 1 NT: Disconnected
[2026-01-24 10:04:42] [INFO] FPS: 76.086957
[2026-01-24 10:04:43] [INFO] FPS: 76.313181
[2026-01-24 10:04:44] [INFO] Fused pose: [17.326200, -0.683609, -1.018828] Confidence: 5.806357 Cameras: 1 NT: Disconnected
[2026-01-24 10:04:45] [INFO] Fused pose: [17.178730, -0.902223, -0.840057] Confidence: 5.750936 Cameras: 1 NT: Disconnected
[2026-01-24 10:04:45] [INFO] FPS: 77.844311
[2026-01-24 10:04:45] [INFO] Fused pose: [17.285824, -1.069980, -0.620870] Confidence: 6.763378 Cameras: 1 NT: Disconnected
[2026-01-24 10:04:45] [INFO] Fused pose: [17.509900, -1.217186, -0.368338] Confidence: 6.267922 Cameras: 1 NT: Disconnected
[2026-01-24 10:04:46] [INFO] Fused pose: [17.585089, -1.441781, -0.059155] Confidence: 6.984493 Cameras: 1 NT: Disconnected
[2026-01-24 10:04:46] [INFO] FPS: 73.267327
[2026-01-24 10:04:46] [INFO] Fused pose: [17.824287, -1.527389, 0.375889] Confidence: 6.371967 Cameras: 1 NT: Disconnected
[2026-01-24 10:04:47] [INFO] Fused pose: [17.921475, -1.519380, 0.698839] Confidence: 5.881926 Cameras: 1 NT: Disconnected
[2026-01-24 10:04:47] [INFO] Fused pose: [17.944221, -1.504297, 0.693745] Confidence: 7.440209 Cameras: 1 NT: Disconnected
[2026-01-24 10:04:47] [INFO] FPS: 75.024679
[2026-01-24 10:04:47] [INFO] Fused pose: [17.938872, -1.509334, 0.685747] Confidence: 7.705258 Cameras: 1 NT: Disconnected
[2026-01-24 10:04:48] [INFO] Fused pose: [17.964135, -1.495636, 0.700471] Confidence: 6.555176 Cameras: 1 NT: Disconnected
[2026-01-24 10:04:48] [INFO] Fused pose: [17.988317, -1.482626, 0.724077] Confidence: 5.861115 Cameras: 1 NT: Disconnected
[2026-01-24 10:04:49] [INFO] Fused pose: [17.987753, -1.484179, 0.745704] Confidence: 6.252949 Cameras: 1 NT: Disconnected
[2026-01-24 10:04:49] [INFO] FPS: 74.701195
[2026-01-24 10:04:49] [INFO] Fused pose: [18.000072, -1.488051, 0.789114] Confidence: 5.261131 Cameras: 1 NT: Disconnected
[2026-01-24 10:04:49] [INFO] Fused pose: [17.995769, -1.490031, 0.925007] Confidence: 5.839943 Cameras: 1 NT: Disconnected
[2026-01-24 10:04:50] [INFO] Fused pose: [17.923972, -1.482559, 1.166053] Confidence: 4.616744 Cameras: 1 NT: Disconnected
[2026-01-24 10:04:50] [INFO] FPS: 73.852295
[2026-01-24 10:04:50] [INFO] Fused pose: [18.348115, -0.989322, 1.944127] Confidence: 4.824479 Cameras: 1 NT: Disconnected
[2026-01-24 10:04:51] [INFO] Fused pose: [18.218042, -0.751287, 2.344798] Confidence: 8.531506 Cameras: 1 NT: Disconnected
[2026-01-24 10:04:51] [INFO] Fused pose: [18.266273, -0.750753, 2.185634] Confidence: 5.473219 Cameras: 1 NT: Disconnected
[2026-01-24 10:04:51] [INFO] FPS: 75.024679
[2026-01-24 10:04:51] [INFO] Fused pose: [18.079373, -1.083965, 0.997752] Confidence: 4.789419 Cameras: 1 NT: Disconnected
[2026-01-24 10:04:52] [INFO] Fused pose: [18.855537, 0.068222, 1.367114] Confidence: 4.219382 Cameras: 1 NT: Disconnected
[2026-01-24 10:04:52] [INFO] Fused pose: [17.761560, -1.357131, 1.682150] Confidence: 9.007075 Cameras: 1 NT: Disconnected
[2026-01-24 10:04:53] [INFO] Fused pose: [18.384741, -0.416752, 2.311668] Confidence: 5.205910 Cameras: 1 NT: Disconnected
[2026-01-24 10:04:53] [INFO] FPS: 74.257426
[2026-01-24 10:04:53] [INFO] Fused pose: [17.982304, -0.470458, 2.701319] Confidence: 8.603207 Cameras: 1 NT: Disconnected
[2026-01-24 10:04:53] [INFO] Fused pose: [17.828787, -0.177423, 2.783372] Confidence: 7.595885 Cameras: 1 NT: Disconnected
[2026-01-24 10:04:54] [INFO] FPS: 75.471698
[2026-01-24 10:04:55] [INFO] FPS: 77.000000
[2026-01-24 10:04:55] [INFO] Fused pose: [16.967758, 0.219014, 0.348099] Confidence: 4.330272 Cameras: 1 NT: Disconnected
[2026-01-24 10:04:56] [INFO] Fused pose: [17.469830, -0.182101, 0.850519] Confidence: 3.713142 Cameras: 1 NT: Disconnected
[2026-01-24 10:04:56] [INFO] Fused pose: [17.425063, -0.218844, 0.700497] Confidence: 3.775821 Cameras: 1 NT: Disconnected
[2026-01-24 10:04:57] [INFO] Fused pose: [17.538190, -0.308785, 0.919938] Confidence: 2.410489 Cameras: 1 NT: Disconnected
[2026-01-24 10:04:57] [INFO] FPS: 73.926074
[2026-01-24 10:04:57] [INFO] Fused pose: [17.673551, -0.337420, 0.883160] Confidence: 5.228136 Cameras: 1 NT: Disconnected
[2026-01-24 10:04:57] [INFO] Fused pose: [17.813329, -0.424031, 1.750048] Confidence: 4.418870 Cameras: 1 NT: Disconnected
[2026-01-24 10:04:58] [INFO] Fused pose: [17.815853, -0.520621, 2.266465] Confidence: 4.585610 Cameras: 1 NT: Disconnected
[2026-01-24 10:04:58] [INFO] FPS: 74.257426
[2026-01-24 10:04:58] [INFO] Fused pose: [18.009059, -0.596746, 1.884496] Confidence: 4.877881 Cameras: 1 NT: Disconnected
[2026-01-24 10:04:59] [INFO] Fused pose: [17.911697, -0.435888, 0.737872] Confidence: 6.113108 Cameras: 1 NT: Disconnected
[2026-01-24 10:04:59] [INFO] FPS: 73.778664
[2026-01-24 10:04:59] [INFO] Fused pose: [17.769710, -0.636479, 1.150177] Confidence: 4.168483 Cameras: 1 NT: Disconnected
[2026-01-24 10:05:00] [INFO] Fused pose: [18.018269, 0.001438, 0.552153] Confidence: 2.991712 Cameras: 1 NT: Disconnected
[2026-01-24 10:05:00] [INFO] Fused pose: [17.572372, -0.612401, 0.473346] Confidence: 3.834532 Cameras: 1 NT: Disconnected
[2026-01-24 10:05:01] [INFO] Fused pose: [16.997461, -0.255619, 2.996624] Confidence: 5.879382 Cameras: 1 NT: Disconnected
[2026-01-24 10:05:01] [INFO] FPS: 74.000000
[2026-01-24 10:05:01] [INFO] Fused pose: [16.807275, -0.159417, 2.661626] Confidence: 3.441660 Cameras: 1 NT: Disconnected
[2026-01-24 10:05:02] [INFO] Fused pose: [17.292856, -0.460993, 1.881707] Confidence: 4.858129 Cameras: 1 NT: Disconnected
[2026-01-24 10:05:02] [INFO] Fused pose: [17.263906, -0.434059, 1.707762] Confidence: 3.310681 Cameras: 1 NT: Disconnected
[2026-01-24 10:05:02] [INFO] FPS: 71.856287
[2026-01-24 10:05:02] [INFO] Fused pose: [17.131398, -0.322771, 1.920891] Confidence: 2.565630 Cameras: 1 NT: Disconnected
[2026-01-24 10:05:03] [INFO] Fused pose: [17.119817, -0.225253, 1.893174] Confidence: 1.743236 Cameras: 1 NT: Disconnected
[2026-01-24 10:05:04] [INFO] FPS: 74.404762
[2026-01-24 10:05:04] [INFO] Fused pose: [17.455689, -0.664641, 1.814844] Confidence: 1.515346 Cameras: 1 NT: Disconnected
[2026-01-24 10:05:05] [INFO] Fused pose: [18.034082, -0.047822, 1.649760] Confidence: 7.107215 Cameras: 1 NT: Disconnected
[2026-01-24 10:05:05] [INFO] FPS: 75.924076
[2026-01-24 10:05:05] [INFO] Fused pose: [18.115221, -0.263464, 1.574047] Confidence: 6.583610 Cameras: 1 NT: Disconnected
[2026-01-24 10:05:06] [INFO] Fused pose: [18.077808, -0.308817, 1.684760] Confidence: 5.407829 Cameras: 1 NT: Disconnected
[2026-01-24 10:05:06] [INFO] Fused pose: [18.053773, -0.382487, 1.600241] Confidence: 5.716918 Cameras: 1 NT: Disconnected
[2026-01-24 10:05:06] [INFO] FPS: 73.558648
[2026-01-24 10:05:06] [INFO] Fused pose: [18.010559, -0.460303, 1.524932] Confidence: 5.791863 Cameras: 1 NT: Disconnected
[2026-01-24 10:05:07] [INFO] Fused pose: [17.930988, -0.593566, 1.652781] Confidence: 3.573056 Cameras: 1 NT: Disconnected
[2026-01-24 10:05:07] [INFO] Fused pose: [17.834401, -0.651469, 1.674332] Confidence: 8.478995 Cameras: 1 NT: Disconnected
[2026-01-24 10:05:08] [INFO] FPS: 74.000000
[2026-01-24 10:05:08] [INFO] Fused pose: [17.706593, -0.645907, 1.634328] Confidence: 5.962182 Cameras: 1 NT: Disconnected
[2026-01-24 10:05:08] [INFO] Fused pose: [17.690572, -0.632391, 1.830067] Confidence: 3.396258 Cameras: 1 NT: Disconnected
[2026-01-24 10:05:08] [INFO] Fused pose: [17.719372, -0.618701, 1.835942] Confidence: 2.279777 Cameras: 1 NT: Disconnected
[2026-01-24 10:05:09] [INFO] Fused pose: [17.728588, -0.589935, 1.834456] Confidence: 8.047653 Cameras: 1 NT: Disconnected
[2026-01-24 10:05:09] [INFO] FPS: 73.000000
[2026-01-24 10:05:09] [INFO] Fused pose: [17.709765, -0.607808, 1.795498] Confidence: 7.779863 Cameras: 1 NT: Disconnected
[2026-01-24 10:05:10] [INFO] Fused pose: [17.656323, -0.617536, 1.761370] Confidence: 6.898073 Cameras: 1 NT: Disconnected
[2026-01-24 10:05:10] [INFO] Fused pose: [17.592637, -0.537894, 1.798204] Confidence: 3.990127 Cameras: 1 NT: Disconnected
[2026-01-24 10:05:10] [INFO] FPS: 73.485601
[2026-01-24 10:05:10] [INFO] Fused pose: [17.757045, -0.386544, 1.830939] Confidence: 4.966609 Cameras: 1 NT: Disconnected
[2026-01-24 10:05:11] [INFO] Fused pose: [17.685961, -0.478306, 1.728640] Confidence: 2.374324 Cameras: 1 NT: Disconnected
[2026-01-24 10:05:11] [INFO] Fused pose: [17.479673, -0.531806, 0.469586] Confidence: 3.664770 Cameras: 1 NT: Disconnected
[2026-01-24 10:05:12] [INFO] FPS: 75.173096
[2026-01-24 10:05:12] [INFO] Fused pose: [16.982580, -0.137243, -0.211778] Confidence: 4.016352 Cameras: 1 NT: Disconnected
[2026-01-24 10:05:12] [INFO] Fused pose: [17.558052, -0.095553, -0.108815] Confidence: 4.955456 Cameras: 1 NT: Disconnected
[2026-01-24 10:05:13] [INFO] Fused pose: [17.758257, -0.322762, 0.158979] Confidence: 5.258314 Cameras: 1 NT: Disconnected
[2026-01-24 10:05:13] [INFO] FPS: 76.693227
[2026-01-24 10:05:13] [INFO] Fused pose: [17.767675, -0.367748, 0.209420] Confidence: 4.620911 Cameras: 1 NT: Disconnected
[2026-01-24 10:05:14] [INFO] Fused pose: [17.829011, -0.311815, 0.252219] Confidence: 5.010995 Cameras: 1 NT: Disconnected
[2026-01-24 10:05:14] [INFO] Fused pose: [17.861765, -0.268339, 0.247361] Confidence: 4.396163 Cameras: 1 NT: Disconnected
[2026-01-24 10:05:14] [INFO] FPS: 75.000000
[2026-01-24 10:05:14] [INFO] Fused pose: [17.863890, -0.257339, 0.236938] Confidence: 4.971104 Cameras: 1 NT: Disconnected
[2026-01-24 10:05:15] [INFO] Fused pose: [17.856224, -0.269821, 0.227191] Confidence: 4.150083 Cameras: 1 NT: Disconnected
[2026-01-24 10:05:15] [INFO] Fused pose: [17.863748, -0.263028, 0.237263] Confidence: 5.132470 Cameras: 1 NT: Disconnected
[2026-01-24 10:05:16] [INFO] FPS: 75.621891
[2026-01-24 10:05:16] [INFO] Fused pose: [17.842633, -0.272864, 0.217555] Confidence: 4.860326 Cameras: 1 NT: Disconnected
[2026-01-24 10:05:16] [INFO] Fused pose: [17.832073, -0.280240, 0.208032] Confidence: 4.607397 Cameras: 1 NT: Disconnected
[2026-01-24 10:05:16] [INFO] Fused pose: [17.842099, -0.292961, 0.222811] Confidence: 4.146889 Cameras: 1 NT: Disconnected
[2026-01-24 10:05:17] [INFO] Fused pose: [17.923653, -0.314041, 0.305771] Confidence: 4.534097 Cameras: 1 NT: Disconnected
[2026-01-24 10:05:17] [INFO] FPS: 74.626866
[2026-01-24 10:05:17] [INFO] Fused pose: [18.253965, -0.275493, 0.666405] Confidence: 3.964270 Cameras: 1 NT: Disconnected
[2026-01-24 10:05:18] [INFO] Fused pose: [18.457383, -0.225647, 1.463995] Confidence: 4.587871 Cameras: 1 NT: Disconnected
[2026-01-24 10:05:18] [INFO] FPS: 74.478649
[2026-01-24 10:05:18] [INFO] Fused pose: [18.323160, -0.431462, 1.745880] Confidence: 5.413146 Cameras: 1 NT: Disconnected
[2026-01-24 10:05:19] [INFO] Fused pose: [18.141073, -0.635558, 1.790927] Confidence: 4.536387 Cameras: 1 NT: Disconnected
[2026-01-24 10:05:20] [INFO] FPS: 70.787637
[2026-01-24 10:05:20] [INFO] Fused pose: [17.122903, -1.151576, 1.690918] Confidence: 6.161826 Cameras: 1 NT: Disconnected
[2026-01-24 10:05:20] [INFO] Fused pose: [18.069720, -0.538618, 1.788007] Confidence: 7.466007 Cameras: 1 NT: Disconnected
[2026-01-24 10:05:21] [INFO] Fused pose: [18.301188, -0.209737, 1.954067] Confidence: 4.986892 Cameras: 1 NT: Disconnected
[2026-01-24 10:05:21] [INFO] FPS: 75.546720
[2026-01-24 10:05:21] [INFO] Fused pose: [18.274802, -0.454101, 1.772858] Confidence: 3.163745 Cameras: 1 NT: Disconnected
[2026-01-24 10:05:22] [INFO] Fused pose: [17.723981, -1.114562, 0.738451] Confidence: 5.629458 Cameras: 1 NT: Disconnected
[2026-01-24 10:05:22] [INFO] FPS: 74.478649
[2026-01-24 10:05:23] [INFO] Fused pose: [18.334293, -0.788826, 1.979211] Confidence: 3.987029 Cameras: 1 NT: Disconnected
[2026-01-24 10:05:23] [INFO] Fused pose: [18.363650, -0.946115, 1.511320] Confidence: 4.485801 Cameras: 1 NT: Disconnected
[2026-01-24 10:05:24] [INFO] FPS: 74.775673
[2026-01-24 10:05:25] [INFO] Fused pose: [18.632291, -0.771343, 1.234103] Confidence: 8.776697 Cameras: 1 NT: Disconnected
[2026-01-24 10:05:25] [INFO] FPS: 75.697211
[2026-01-24 10:05:26] [INFO] FPS: 78.973346
[2026-01-24 10:05:28] [INFO] FPS: 77.304262
[2026-01-24 10:05:29] [INFO] FPS: 77.151335
[2026-01-24 10:05:30] [INFO] FPS: 76.616915
[2026-01-24 10:05:31] [INFO] FPS: 78.842315
[2026-01-24 10:05:31] [INFO] Fused pose: [17.922433, -1.014974, 0.639743] Confidence: 7.993147 Cameras: 1 NT: Disconnected
[2026-01-24 10:05:32] [INFO] Fused pose: [17.685180, -1.274320, 1.118624] Confidence: 7.812809 Cameras: 1 NT: Disconnected
[2026-01-24 10:05:32] [INFO] Fused pose: [17.655243, -1.316426, 1.264878] Confidence: 6.767385 Cameras: 1 NT: Disconnected
[2026-01-24 10:05:33] [INFO] Fused pose: [17.953403, -0.986139, 2.011584] Confidence: 7.517013 Cameras: 1 NT: Disconnected
[2026-01-24 10:05:33] [INFO] FPS: 75.247525
[2026-01-24 10:05:33] [INFO] Fused pose: [17.852954, -0.804229, 2.386633] Confidence: 7.415409 Cameras: 1 NT: Disconnected
[2026-01-24 10:05:33] [INFO] Fused pose: [17.827633, -0.655913, 2.498042] Confidence: 5.583795 Cameras: 1 NT: Disconnected
[2026-01-24 10:05:34] [INFO] Fused pose: [18.022142, -0.378467, 2.488955] Confidence: 6.943451 Cameras: 1 NT: Disconnected
[2026-01-24 10:05:34] [INFO] FPS: 73.412698
[2026-01-24 10:05:34] [INFO] Fused pose: [17.872588, -0.398165, 2.173097] Confidence: 6.141590 Cameras: 1 NT: Disconnected
[2026-01-24 10:05:35] [INFO] Fused pose: [17.853819, -0.538267, 1.275180] Confidence: 5.467833 Cameras: 1 NT: Disconnected
[2026-01-24 10:05:35] [INFO] Fused pose: [17.873158, -0.585081, 1.094703] Confidence: 3.560799 Cameras: 1 NT: Disconnected
[2026-01-24 10:05:35] [INFO] FPS: 74.000000
[2026-01-24 10:05:36] [INFO] Fused pose: [18.162972, -0.241048, 1.124153] Confidence: 3.171503 Cameras: 1 NT: Disconnected
[2026-01-24 10:05:36] [INFO] Fused pose: [18.567529, 0.440829, 1.617225] Confidence: 4.847659 Cameras: 1 NT: Disconnected
[2026-01-24 10:05:36] [INFO] Fused pose: [18.236571, -0.110858, 1.055055] Confidence: 4.139703 Cameras: 1 NT: Disconnected
[2026-01-24 10:05:37] [INFO] Fused pose: [17.671885, -0.001305, 0.249691] Confidence: 4.644263 Cameras: 1 NT: Disconnected
[2026-01-24 10:05:37] [INFO] FPS: 73.631841
[2026-01-24 10:05:37] [INFO] Fused pose: [17.246090, 0.448598, -0.310403] Confidence: 3.225745 Cameras: 1 NT: Disconnected
[2026-01-24 10:05:38] [INFO] Fused pose: [16.343956, -0.796134, -0.212256] Confidence: 4.442665 Cameras: 1 NT: Disconnected
[2026-01-24 10:05:38] [INFO] FPS: 75.396825
[2026-01-24 10:05:38] [INFO] Fused pose: [16.772760, -1.390974, 1.129984] Confidence: 7.943295 Cameras: 1 NT: Disconnected
[2026-01-24 10:05:39] [INFO] Fused pose: [17.088483, -1.293714, 1.728253] Confidence: 5.225150 Cameras: 1 NT: Disconnected
[2026-01-24 10:05:39] [INFO] Fused pose: [16.984859, -1.306714, 1.079483] Confidence: 7.558574 Cameras: 1 NT: Disconnected
[2026-01-24 10:05:40] [INFO] FPS: 73.485601
[2026-01-24 10:05:40] [INFO] Fused pose: [17.186954, -1.119805, 0.752484] Confidence: 4.584316 Cameras: 1 NT: Disconnected
[2026-01-24 10:05:41] [INFO] FPS: 75.772682
[2026-01-24 10:05:42] [INFO] FPS: 77.766700
[2026-01-24 10:05:43] [INFO] FPS: 78.063241
[2026-01-24 10:05:45] [INFO] FPS: 75.322101
[2026-01-24 10:05:46] [INFO] FPS: 77.151335
[2026-01-24 10:05:47] [INFO] FPS: 77.075099
[2026-01-24 10:05:49] [INFO] FPS: 77.075099
[2026-01-24 10:05:50] [INFO] FPS: 75.772682
[2026-01-24 10:05:51] [INFO] FPS: 77.689243
[2026-01-24 10:05:53] [INFO] FPS: 76.313181
[2026-01-24 10:05:54] [INFO] FPS: 79.601990
[2026-01-24 10:05:55] [INFO] FPS: 78.000000
[2026-01-24 10:05:56] [INFO] FPS: 77.151335
[2026-01-24 10:05:58] [INFO] FPS: 78.685259
[2026-01-24 10:05:59] [INFO] FPS: 77.689243
[2026-01-24 10:06:00] [INFO] FPS: 74.404762
[2026-01-24 10:06:02] [INFO] FPS: 77.227723
[2026-01-24 10:06:03] [INFO] FPS: 77.304262
[2026-01-24 10:06:04] [INFO] FPS: 78.295342
[2026-01-24 10:06:05] [INFO] FPS: 79.000000
[2026-01-24 10:06:07] [INFO] FPS: 75.396825
[2026-01-24 10:06:08] [INFO] FPS: 77.227723
[2026-01-24 10:06:09] [INFO] FPS: 77.689243
[2026-01-24 10:06:11] [INFO] FPS: 78.842315
[2026-01-24 10:06:12] [INFO] FPS: 77.304262
[2026-01-24 10:06:13] [INFO] FPS: 78.921079
[2026-01-24 10:06:14] [INFO] FPS: 76.693227
[2026-01-24 10:06:16] [INFO] FPS: 76.693227
[2026-01-24 10:06:17] [INFO] FPS: 78.140455
[2026-01-24 10:06:18] [INFO] FPS: 77.534791
[2026-01-24 10:06:20] [INFO] FPS: 78.606965
[2026-01-24 10:06:21] [INFO] FPS: 78.921079
[2026-01-24 10:06:22] [INFO] FPS: 78.295342
[2026-01-24 10:06:23] [INFO] FPS: 77.611940
[2026-01-24 10:06:25] [INFO] FPS: 77.457795
[2026-01-24 10:06:26] [INFO] FPS: 78.921079
[2026-01-24 10:06:27] [INFO] FPS: 79.000000
[2026-01-24 10:06:29] [INFO] FPS: 78.528827
[2026-01-24 10:06:30] [INFO] FPS: 77.986180
[2026-01-24 10:06:31] [INFO] FPS: 76.616915
[2026-01-24 10:06:32] [INFO] FPS: 78.140455
[2026-01-24 10:06:34] [INFO] FPS: 77.922078
[2026-01-24 10:06:35] [INFO] FPS: 77.075099
[2026-01-24 10:06:36] [INFO] FPS: 78.295342
[2026-01-24 10:06:38] [INFO] FPS: 76.237624
[2026-01-24 10:06:39] [INFO] FPS: 77.380952
[2026-01-24 10:06:40] [INFO] FPS: 78.450844
[2026-01-24 10:06:41] [INFO] FPS: 78.295342
[2026-01-24 10:06:43] [INFO] FPS: 77.766700
[2026-01-24 10:06:44] [INFO] FPS: 76.086957
[2026-01-24 10:06:45] [INFO] FPS: 80.000000
[2026-01-24 10:06:47] [INFO] FPS: 80.198020
[2026-01-24 10:06:48] [INFO] FPS: 79.601990
[2026-01-24 10:06:49] [INFO] FPS: 79.129575
[2026-01-24 10:06:50] [INFO] FPS: 78.450844
[2026-01-24 10:06:52] [INFO] FPS: 79.286422
[2026-01-24 10:06:53] [INFO] FPS: 78.606965
[2026-01-24 10:06:54] [INFO] FPS: 81.027668
[2026-01-24 10:06:55] [INFO] FPS: 80.757727
[2026-01-24 10:06:57] [INFO] FPS: 77.227723
[2026-01-24 10:06:58] [INFO] FPS: 79.365079
[2026-01-24 10:06:59] [INFO] FPS: 77.766700
[2026-01-24 10:07:00] [INFO] FPS: 76.000000
[2026-01-24 10:07:02] [INFO] FPS: 78.450844
[2026-01-24 10:07:03] [INFO] FPS: 79.207921
[2026-01-24 10:07:04] [INFO] FPS: 78.063241
[2026-01-24 10:07:06] [INFO] FPS: 79.365079
[2026-01-24 10:07:07] [INFO] FPS: 74.257426
[2026-01-24 10:07:08] [INFO] FPS: 79.522863
[2026-01-24 10:07:09] [INFO] FPS: 79.129575
[2026-01-24 10:07:11] [INFO] FPS: 79.443893
[2026-01-24 10:07:12] [INFO] FPS: 80.516899
[2026-01-24 10:07:13] [INFO] FPS: 77.844311
[2026-01-24 10:07:15] [INFO] FPS: 78.921079
[2026-01-24 10:07:16] [INFO] FPS: 79.365079
[2026-01-24 10:07:17] [INFO] FPS: 78.140455
[2026-01-24 10:07:18] [INFO] FPS: 77.227723
[2026-01-24 10:07:20] [INFO] FPS: 79.207921
[2026-01-24 10:07:21] [INFO] FPS: 78.373016
[2026-01-24 10:07:22] [INFO] FPS: 77.151335
[2026-01-24 10:07:23] [INFO] FPS: 78.000000
[2026-01-24 10:07:25] [INFO] FPS: 76.847291
[2026-01-24 10:07:26] [INFO] FPS: 78.295342
[2026-01-24 10:07:27] [INFO] FPS: 75.924076
[2026-01-24 10:07:29] [INFO] FPS: 77.844311
[2026-01-24 10:07:30] [INFO] FPS: 79.000000
[2026-01-24 10:07:31] [INFO] FPS: 78.606965
[2026-01-24 10:07:32] [INFO] FPS: 76.769691
[2026-01-24 10:07:34] [INFO] FPS: 77.922078
[2026-01-24 10:07:35] [INFO] FPS: 79.129575
[2026-01-24 10:07:36] [INFO] FPS: 79.840319
[2026-01-24 10:07:38] [INFO] FPS: 78.528827
[2026-01-24 10:07:39] [INFO] FPS: 80.677291
[2026-01-24 10:07:40] [INFO] FPS: 77.922078
[2026-01-24 10:07:41] [INFO] FPS: 78.921079
[2026-01-24 10:07:43] [INFO] FPS: 76.846307
[2026-01-24 10:07:44] [INFO] FPS: 77.457795
[2026-01-24 10:07:45] [INFO] FPS: 78.763709
[2026-01-24 10:07:47] [INFO] FPS: 78.063241
[2026-01-24 10:07:48] [INFO] FPS: 77.534791
[2026-01-24 10:07:49] [INFO] FPS: 77.689243
[2026-01-24 10:07:50] [INFO] FPS: 79.443893
[2026-01-24 10:07:52] [INFO] FPS: 77.304262
[2026-01-24 10:07:53] [INFO] FPS: 79.601990
[2026-01-24 10:07:54] [INFO] FPS: 78.606965
[2026-01-24 10:07:56] [INFO] FPS: 78.295342
[2026-01-24 10:07:57] [INFO] FPS: 78.685259
[2026-01-24 10:07:58] [INFO] FPS: 77.534791
[2026-01-24 10:07:59] [INFO] FPS: 76.923077
[2026-01-24 10:08:01] [INFO] FPS: 78.763709
[2026-01-24 10:08:02] [INFO] FPS: 78.606965
[2026-01-24 10:08:03] [INFO] FPS: 78.000000
[2026-01-24 10:08:04] [INFO] FPS: 79.207921
[2026-01-24 10:08:06] [INFO] FPS: 78.528827
[2026-01-24 10:08:07] [INFO] FPS: 78.763709
[2026-01-24 10:08:08] [INFO] FPS: 78.763709
[2026-01-24 10:08:10] [INFO] FPS: 78.373016
[2026-01-24 10:08:11] [INFO] FPS: 77.000000
[2026-01-24 10:08:12] [INFO] FPS: 78.763709
[2026-01-24 10:08:13] [INFO] FPS: 77.304262
[2026-01-24 10:08:15] [INFO] FPS: 79.365079
[2026-01-24 10:08:16] [INFO] FPS: 80.757727
[2026-01-24 10:08:17] [INFO] FPS: 79.760718
[2026-01-24 10:08:18] [INFO] FPS: 79.365079
[2026-01-24 10:08:20] [INFO] FPS: 78.842315
[2026-01-24 10:08:21] [INFO] FPS: 78.842315
[2026-01-24 10:08:22] [INFO] FPS: 79.443893
[2026-01-24 10:08:24] [INFO] FPS: 78.295342
[2026-01-24 10:08:25] [INFO] FPS: 79.207921
[2026-01-24 10:08:26] [INFO] FPS: 80.357143
[2026-01-24 10:08:27] [INFO] FPS: 78.921079
[2026-01-24 10:08:29] [INFO] FPS: 78.295342
[2026-01-24 10:08:30] [INFO] FPS: 80.039526
[2026-01-24 10:08:31] [INFO] FPS: 79.000000
[2026-01-24 10:08:32] [INFO] FPS: 80.277502
[2026-01-24 10:08:34] [INFO] FPS: 79.920080
[2026-01-24 10:08:35] [INFO] FPS: 78.685259
[2026-01-24 10:08:36] [INFO] FPS: 79.286422
[2026-01-24 10:08:37] [INFO] FPS: 78.528827
[2026-01-24 10:08:39] [INFO] FPS: 79.522863
[2026-01-24 10:08:40] [INFO] FPS: 79.522863
[2026-01-24 10:08:41] [INFO] FPS: 80.436941
[2026-01-24 10:08:42] [INFO] FPS: 77.689243
[2026-01-24 10:08:44] [INFO] FPS: 79.207921
[2026-01-24 10:08:45] [INFO] FPS: 79.760718
[2026-01-24 10:08:46] [INFO] FPS: 78.528827
[2026-01-24 10:08:48] [INFO] FPS: 79.207921
[2026-01-24 10:08:49] [INFO] FPS: 79.000000
[2026-01-24 10:08:50] [INFO] FPS: 79.601990
[2026-01-24 10:08:51] [INFO] FPS: 78.373016
[2026-01-24 10:08:53] [INFO] FPS: 79.286422
[2026-01-24 10:08:54] [INFO] FPS: 80.039526
[2026-01-24 10:08:55] [INFO] FPS: 76.771654
[2026-01-24 10:08:56] [INFO] FPS: 78.842315
[2026-01-24 10:08:58] [INFO] FPS: 79.522863
[2026-01-24 10:08:59] [INFO] FPS: 78.763709
[2026-01-24 10:09:00] [INFO] FPS: 79.920080
[2026-01-24 10:09:01] [INFO] FPS: 79.286422
[2026-01-24 10:09:03] [INFO] FPS: 78.606965
[2026-01-24 10:09:04] [INFO] FPS: 80.039526
[2026-01-24 10:09:05] [INFO] FPS: 80.118694
[2026-01-24 10:09:07] [INFO] FPS: 78.063241
[2026-01-24 10:09:08] [INFO] FPS: 78.450844
[2026-01-24 10:09:09] [INFO] FPS: 78.606965
[2026-01-24 10:09:10] [INFO] FPS: 80.039526
[2026-01-24 10:09:12] [INFO] FPS: 78.842315
[2026-01-24 10:09:13] [INFO] FPS: 78.842315
[2026-01-24 10:09:14] [INFO] FPS: 78.842315
[2026-01-24 10:09:15] [INFO] FPS: 78.842315
[2026-01-24 10:09:17] [INFO] FPS: 79.601990
[2026-01-24 10:09:18] [INFO] FPS: 80.597015
[2026-01-24 10:09:19] [INFO] FPS: 79.760718
[2026-01-24 10:09:20] [INFO] FPS: 80.516899
[2026-01-24 10:09:22] [INFO] FPS: 77.766700
[2026-01-24 10:09:23] [INFO] FPS: 79.365079
[2026-01-24 10:09:24] [INFO] FPS: 78.528827
[2026-01-24 10:09:25] [INFO] FPS: 79.129575
[2026-01-24 10:09:27] [INFO] FPS: 79.051383
[2026-01-24 10:09:28] [INFO] FPS: 79.051383
[2026-01-24 10:09:29] [INFO] FPS: 79.681275
[2026-01-24 10:09:31] [INFO] FPS: 80.000000
[2026-01-24 10:09:32] [INFO] FPS: 78.921079
[2026-01-24 10:09:33] [INFO] FPS: 79.522863
[2026-01-24 10:09:34] [INFO] FPS: 78.921079
[2026-01-24 10:09:36] [INFO] FPS: 78.763709
[2026-01-24 10:09:37] [INFO] FPS: 79.051383
[2026-01-24 10:09:38] [INFO] FPS: 77.689243
[2026-01-24 10:09:39] [INFO] FPS: 78.000000
[2026-01-24 10:09:41] [INFO] FPS: 78.217822
[2026-01-24 10:09:42] [INFO] FPS: 78.685259
[2026-01-24 10:09:43] [INFO] FPS: 79.443893
[2026-01-24 10:09:44] [INFO] FPS: 79.051383
[2026-01-24 10:09:46] [INFO] FPS: 78.606965
[2026-01-24 10:09:47] [INFO] FPS: 79.840319
[2026-01-24 10:09:48] [INFO] FPS: 80.357143
[2026-01-24 10:09:50] [INFO] FPS: 79.051383
[2026-01-24 10:09:51] [INFO] FPS: 80.277502
[2026-01-24 10:09:52] [INFO] FPS: 78.295342
[2026-01-24 10:09:53] [INFO] FPS: 79.129575
[2026-01-24 10:09:55] [INFO] FPS: 79.681275
[2026-01-24 10:09:56] [INFO] FPS: 79.681275
[2026-01-24 10:09:57] [INFO] FPS: 78.921079
[2026-01-24 10:09:58] [INFO] FPS: 78.842315
[2026-01-24 10:10:00] [INFO] FPS: 79.129575
[2026-01-24 10:10:01] [INFO] FPS: 79.207921
[2026-01-24 10:10:02] [INFO] FPS: 79.365079
[2026-01-24 10:10:03] [INFO] FPS: 79.760718
[2026-01-24 10:10:05] [INFO] FPS: 79.129575
[2026-01-24 10:10:06] [INFO] FPS: 78.606965
[2026-01-24 10:10:07] [INFO] FPS: 80.436941
[2026-01-24 10:10:09] [INFO] FPS: 77.304262
[2026-01-24 10:10:10] [INFO] FPS: 78.295342
[2026-01-24 10:10:11] [INFO] FPS: 66.799601
[2026-01-24 10:10:12] [INFO] FPS: 77.844311
[2026-01-24 10:10:14] [INFO] FPS: 78.685259
[2026-01-24 10:10:15] [INFO] FPS: 77.755906
[2026-01-24 10:10:16] [INFO] FPS: 79.000000
[2026-01-24 10:10:18] [INFO] FPS: 78.685259
[2026-01-24 10:10:19] [INFO] FPS: 75.396825
[2026-01-24 10:10:20] [INFO] FPS: 77.457795
[2026-01-24 10:10:22] [INFO] FPS: 77.534791
[2026-01-24 10:10:23] [INFO] FPS: 77.766700
[2026-01-24 10:10:24] [INFO] FPS: 78.606965
[2026-01-24 10:10:25] [INFO] FPS: 78.295342
[2026-01-24 10:10:27] [INFO] FPS: 78.295342
[2026-01-24 10:10:28] [INFO] FPS: 77.227723
[2026-01-24 10:10:29] [INFO] FPS: 78.606965
[2026-01-24 10:10:31] [INFO] FPS: 78.217822
[2026-01-24 10:10:32] [INFO] FPS: 79.522863
[2026-01-24 10:10:33] [INFO] FPS: 78.763709
[2026-01-24 10:10:34] [INFO] FPS: 77.844311
[2026-01-24 10:10:36] [INFO] FPS: 78.606965
[2026-01-24 10:10:37] [INFO] FPS: 79.760718
[2026-01-24 10:10:38] [INFO] FPS: 79.000000
[2026-01-24 10:10:40] [INFO] FPS: 77.534791
[2026-01-24 10:10:41] [INFO] FPS: 79.000000
[2026-01-24 10:10:42] [INFO] FPS: 78.373016
[2026-01-24 10:10:43] [INFO] FPS: 79.443893
[2026-01-24 10:10:45] [INFO] FPS: 76.086957
[2026-01-24 10:10:46] [INFO] FPS: 78.140455
[2026-01-24 10:10:47] [INFO] FPS: 76.388889
[2026-01-24 10:10:48] [INFO] FPS: 80.919081
[2026-01-24 10:10:50] [INFO] Interrupt signal received. Shutting down...
[2026-01-24 10:10:50] [INFO] Shutting down...
[2026-01-24 10:10:50] [INFO] Stopped camera stream: front_camera
[2026-01-24 10:10:50] [INFO] MJPEG stream 'front_camera' stopped
[2026-01-24 10:10:50] [INFO] Network streamer stopped
[2026-01-24 10:10:50] [DEBUG] MJPEG client disconnected from front_camera
[2026-01-24 10:10:50] [INFO] Web server stopped
[2026-01-24 10:10:50] [INFO] Final performance statistics:
[2026-01-24 10:10:50] [INFO] System shutdown complete. Processed 30290 frames.
[2026-01-24 10:14:19] [INFO] === AprilTag Multi-Camera Vision System ===
[2026-01-24 10:14:19] [INFO] Starting advanced vision system with fusion and networking...
[2026-01-24 10:14:19] [INFO] Field layout loaded: /Users/sim/Projects/aprilTagDetector/Layout/2025-official.json
[2026-01-24 10:14:19] [INFO] Added camera: front_camera
[2026-01-24 10:14:19] [INFO] Network streamer started on 127.0.0.1:5800
[2026-01-24 10:14:19] [INFO] Network streamer started on UDP port 5800
[2026-01-24 10:14:19] [INFO] NetworkTables publishing disabled
[2026-01-24 10:14:19] [INFO] Added MJPEG stream: front_camera on port 8081
[2026-01-24 10:14:19] [INFO] MJPEG stream 'front_camera' started on port 8081
[2026-01-24 10:14:19] [INFO] MJPEG streams started
[2026-01-24 10:14:19] [INFO] Web server started on port 8080
[2026-01-24 10:14:19] [INFO] Web interface available at http://localhost:8080
[2026-01-24 10:14:21] [INFO] Started camera stream: front_camera
[2026-01-24 10:14:21] [INFO] All cameras started
[2026-01-24 10:14:21] [INFO] System running. Press Ctrl+C to exit.
[2026-01-24 10:14:21] [INFO] Web interface: http://localhost:8080
[2026-01-24 10:14:22] [INFO] FPS: 81.673307
[2026-01-24 10:14:23] [INFO] FPS: 81.349206
[2026-01-24 10:14:24] [INFO] FPS: 81.754736
[2026-01-24 10:14:26] [INFO] FPS: 81.000000
[2026-01-24 10:14:26] [DEBUG] MJPEG client connected to front_camera
[2026-01-24 10:14:27] [INFO] FPS: 80.516899
[2026-01-24 10:14:28] [INFO] FPS: 79.920080
[2026-01-24 10:14:29] [INFO] FPS: 79.000000
[2026-01-24 10:14:31] [INFO] FPS: 79.443893
[2026-01-24 10:14:31] [INFO] Fused pose: [17.761726, -0.867163, 1.077126] Confidence: 6.033131 Cameras: 1 NT: Disconnected
[2026-01-24 10:14:31] [INFO] Fused pose: [17.944240, -0.806650, 1.275188] Confidence: 6.830536 Cameras: 1 NT: Disconnected
[2026-01-24 10:14:32] [INFO] Fused pose: [17.979044, -0.800392, 1.345771] Confidence: 7.290661 Cameras: 1 NT: Disconnected
[2026-01-24 10:14:32] [INFO] FPS: 73.339941
[2026-01-24 10:14:32] [INFO] Fused pose: [17.977918, -0.735524, 1.537679] Confidence: 5.704095 Cameras: 1 NT: Disconnected
[2026-01-24 10:14:32] [INFO] Fused pose: [17.917515, -0.769843, 1.317884] Confidence: 5.895957 Cameras: 1 NT: Disconnected
[2026-01-24 10:14:33] [INFO] Fused pose: [17.929577, -0.740984, 1.067318] Confidence: 5.548351 Cameras: 1 NT: Disconnected
[2026-01-24 10:14:33] [INFO] Fused pose: [17.933296, -0.709748, 0.907760] Confidence: 5.844539 Cameras: 1 NT: Disconnected
[2026-01-24 10:14:33] [INFO] FPS: 74.701195
[2026-01-24 10:14:34] [INFO] Fused pose: [17.937881, -0.682110, 0.890006] Confidence: 4.565901 Cameras: 1 NT: Disconnected
[2026-01-24 10:14:34] [INFO] Fused pose: [17.891627, -0.472833, 0.885317] Confidence: 3.887698 Cameras: 1 NT: Disconnected
[2026-01-24 10:14:34] [INFO] Fused pose: [17.763636, -0.217701, 0.819147] Confidence: 5.625327 Cameras: 1 NT: Disconnected
[2026-01-24 10:14:35] [INFO] FPS: 73.339941
[2026-01-24 10:14:35] [INFO] Fused pose: [17.698643, -0.107373, 0.891883] Confidence: 3.944947 Cameras: 1 NT: Disconnected
[2026-01-24 10:14:35] [INFO] Fused pose: [17.744039, -0.085662, 0.918109] Confidence: 3.209381 Cameras: 1 NT: Disconnected
[2026-01-24 10:14:36] [INFO] Fused pose: [17.789561, -0.068317, 0.913006] Confidence: 3.203405 Cameras: 1 NT: Disconnected
[2026-01-24 10:14:36] [INFO] FPS: 74.000000
[2026-01-24 10:14:36] [INFO] Fused pose: [17.802371, -0.059982, 0.905178] Confidence: 3.382217 Cameras: 1 NT: Disconnected
[2026-01-24 10:14:36] [INFO] Fused pose: [17.816833, -0.065893, 0.909862] Confidence: 3.546404 Cameras: 1 NT: Disconnected
[2026-01-24 10:14:37] [INFO] Fused pose: [17.820057, -0.069111, 0.907583] Confidence: 3.396422 Cameras: 1 NT: Disconnected
[2026-01-24 10:14:37] [INFO] Fused pose: [17.833355, -0.060837, 0.908278] Confidence: 3.644937 Cameras: 1 NT: Disconnected
[2026-01-24 10:14:37] [INFO] FPS: 76.162216
[2026-01-24 10:14:38] [INFO] Fused pose: [17.827505, -0.066776, 0.913992] Confidence: 3.692871 Cameras: 1 NT: Disconnected
[2026-01-24 10:14:38] [INFO] Fused pose: [17.814861, -0.134497, 1.014349] Confidence: 2.545555 Cameras: 1 NT: Disconnected
[2026-01-24 10:14:38] [INFO] Fused pose: [17.883573, -0.170249, 1.410013] Confidence: 3.148881 Cameras: 1 NT: Disconnected
[2026-01-24 10:14:39] [INFO] FPS: 74.701195
[2026-01-24 10:14:39] [INFO] Fused pose: [17.880462, -0.143282, 1.696950] Confidence: 3.480405 Cameras: 1 NT: Disconnected
[2026-01-24 10:14:39] [INFO] Fused pose: [17.786564, -0.310003, 1.533090] Confidence: 3.866936 Cameras: 1 NT: Disconnected
[2026-01-24 10:14:40] [INFO] Fused pose: [17.614347, -0.290104, 0.484253] Confidence: 2.833112 Cameras: 1 NT: Disconnected
[2026-01-24 10:14:40] [INFO] FPS: 76.237624
[2026-01-24 10:14:41] [INFO] FPS: 78.217822
[2026-01-24 10:14:43] [INFO] FPS: 77.766700
[2026-01-24 10:14:44] [INFO] FPS: 77.534791
[2026-01-24 10:14:45] [INFO] FPS: 80.436941
[2026-01-24 10:14:46] [INFO] FPS: 78.217822
[2026-01-24 10:14:48] [INFO] FPS: 78.763709
[2026-01-24 10:14:49] [INFO] FPS: 75.471698
[2026-01-24 10:14:50] [INFO] FPS: 76.237624
[2026-01-24 10:14:52] [INFO] FPS: 78.140455
[2026-01-24 10:14:53] [INFO] FPS: 78.000000
[2026-01-24 10:14:54] [INFO] FPS: 78.000000
[2026-01-24 10:14:55] [INFO] FPS: 79.365079
[2026-01-24 10:14:57] [INFO] FPS: 77.227723
[2026-01-24 10:14:58] [INFO] FPS: 79.443893
[2026-01-24 10:14:59] [INFO] FPS: 78.763709
[2026-01-24 10:15:01] [INFO] FPS: 76.237624
[2026-01-24 10:15:02] [INFO] FPS: 77.844311
[2026-01-24 10:15:03] [INFO] FPS: 76.769691
[2026-01-24 10:15:04] [INFO] FPS: 77.611940
[2026-01-24 10:15:06] [INFO] FPS: 78.763709
[2026-01-24 10:15:07] [INFO] FPS: 77.227723
[2026-01-24 10:15:08] [INFO] FPS: 76.086957
[2026-01-24 10:15:10] [INFO] FPS: 77.689243
[2026-01-24 10:15:11] [INFO] FPS: 78.763709
[2026-01-24 10:15:12] [INFO] FPS: 77.689243
[2026-01-24 10:15:13] [INFO] FPS: 79.129575
[2026-01-24 10:15:15] [INFO] FPS: 78.140455
[2026-01-24 10:15:16] [INFO] FPS: 80.118694
[2026-01-24 10:15:17] [INFO] FPS: 78.842315
[2026-01-24 10:15:18] [INFO] FPS: 79.443893
[2026-01-24 10:15:20] [INFO] FPS: 78.217822
[2026-01-24 10:15:21] [INFO] FPS: 78.140455
[2026-01-24 10:15:22] [INFO] FPS: 80.357143
[2026-01-24 10:15:23] [INFO] Interrupt signal received. Shutting down...
[2026-01-24 10:15:23] [INFO] Shutting down...
[2026-01-24 10:15:23] [INFO] Stopped camera stream: front_camera
[2026-01-24 10:15:23] [INFO] MJPEG stream 'front_camera' stopped
[2026-01-24 10:15:23] [INFO] Network streamer stopped
[2026-01-24 10:15:23] [INFO] Web server stopped
[2026-01-24 10:15:23] [INFO] Final performance statistics:
[2026-01-24 10:15:23] [INFO] System shutdown complete. Processed 4851 frames.
[2026-01-24 10:15:23] [DEBUG] MJPEG client disconnected from 
[2026-01-24 10:15:27] [INFO] === AprilTag Multi-Camera Vision System ===
[2026-01-24 10:15:27] [INFO] Starting advanced vision system with fusion and networking...
[2026-01-24 10:15:27] [INFO] Field layout loaded: /Users/sim/Projects/aprilTagDetector/Layout/2025-official.json
[2026-01-24 10:15:27] [INFO] Added camera: front_camera
[2026-01-24 10:15:27] [INFO] Network streamer started on 127.0.0.1:5800
[2026-01-24 10:15:27] [INFO] Network streamer started on UDP port 5800
[2026-01-24 10:15:27] [INFO] NetworkTables publishing disabled
[2026-01-24 10:15:27] [INFO] Added MJPEG stream: front_camera on port 8081
[2026-01-24 10:15:27] [INFO] MJPEG stream 'front_camera' started on port 8081
[2026-01-24 10:15:27] [INFO] MJPEG streams started
[2026-01-24 10:15:27] [INFO] Web server started on port 8080
[2026-01-24 10:15:27] [INFO] Web interface available at http://localhost:8080
[2026-01-24 10:15:29] [INFO] Started camera stream: front_camera
[2026-01-24 10:15:29] [INFO] All cameras started
[2026-01-24 10:15:29] [INFO] System running. Press Ctrl+C to exit.
[2026-01-24 10:15:29] [INFO] Web interface: http://localhost:8080
[2026-01-24 10:15:30] [INFO] FPS: 81.754736
[2026-01-24 10:15:32] [INFO] FPS: 81.107814
[2026-01-24 10:15:33] [INFO] FPS: 78.606965
[2026-01-24 10:15:34] [DEBUG] MJPEG client connected to front_camera
[2026-01-24 10:15:34] [INFO] FPS: 75.924076
[2026-01-24 10:15:35] [INFO] FPS: 77.000000
[2026-01-24 10:15:37] [INFO] FPS: 80.838323
[2026-01-24 10:15:38] [INFO] FPS: 79.681275
[2026-01-24 10:15:39] [INFO] FPS: 79.920080
[2026-01-24 10:15:40] [INFO] FPS: 80.597015
[2026-01-24 10:15:42] [INFO] FPS: 79.000000
[2026-01-24 10:15:43] [INFO] FPS: 79.681275
[2026-01-24 10:15:44] [INFO] FPS: 78.373016
[2026-01-24 10:15:45] [INFO] FPS: 80.277502
[2026-01-24 10:15:47] [INFO] FPS: 80.838323
[2026-01-24 10:15:48] [INFO] FPS: 80.198020
[2026-01-24 10:15:49] [INFO] FPS: 80.198020
[2026-01-24 10:15:50] [INFO] FPS: 81.000000
[2026-01-24 10:15:52] [INFO] FPS: 79.207921
[2026-01-24 10:15:53] [INFO] FPS: 79.840319
[2026-01-24 10:15:54] [INFO] FPS: 79.207921
[2026-01-24 10:15:55] [INFO] FPS: 79.207921
[2026-01-24 10:15:57] [INFO] FPS: 80.677291
[2026-01-24 10:15:58] [INFO] FPS: 80.039526
[2026-01-24 10:15:59] [INFO] FPS: 79.840319
[2026-01-24 10:16:00] [INFO] FPS: 79.601990
[2026-01-24 10:16:02] [INFO] FPS: 81.268583
[2026-01-24 10:16:03] [INFO] FPS: 80.000000
[2026-01-24 10:16:04] [INFO] FPS: 80.198020
[2026-01-24 10:16:05] [INFO] FPS: 80.118694
[2026-01-24 10:16:07] [INFO] FPS: 80.838323
[2026-01-24 10:16:08] [INFO] FPS: 80.516899
[2026-01-24 10:16:09] [INFO] FPS: 78.373016
[2026-01-24 10:16:11] [INFO] FPS: 79.365079
[2026-01-24 10:16:11] [INFO] Fused pose: [17.835710, -1.152604, 0.865818] Confidence: 5.090209 Cameras: 1 NT: Disconnected
[2026-01-24 10:16:12] [INFO] Fused pose: [17.817293, -1.165179, 0.887149] Confidence: 6.488740 Cameras: 1 NT: Disconnected
[2026-01-24 10:16:12] [INFO] FPS: 78.217822
[2026-01-24 10:16:12] [INFO] Fused pose: [17.896953, -1.150087, 0.918463] Confidence: 4.557693 Cameras: 1 NT: Disconnected
[2026-01-24 10:16:12] [INFO] Fused pose: [17.925132, -1.022872, 0.694414] Confidence: 6.360373 Cameras: 1 NT: Disconnected
[2026-01-24 10:16:13] [INFO] Fused pose: [17.898215, -0.962341, 1.066708] Confidence: 4.331825 Cameras: 1 NT: Disconnected
[2026-01-24 10:16:13] [INFO] FPS: 77.075099
[2026-01-24 10:16:13] [INFO] Fused pose: [17.802318, -0.786990, 1.991685] Confidence: 4.175021 Cameras: 1 NT: Disconnected
[2026-01-24 10:16:14] [INFO] Fused pose: [17.809539, -0.786972, 1.524328] Confidence: 3.518198 Cameras: 1 NT: Disconnected
[2026-01-24 10:16:14] [INFO] Fused pose: [17.825055, -0.767642, 1.759376] Confidence: 3.682024 Cameras: 1 NT: Disconnected
[2026-01-24 10:16:14] [INFO] FPS: 73.778664
[2026-01-24 10:16:14] [INFO] Fused pose: [17.761280, -0.830729, 1.769053] Confidence: 3.818596 Cameras: 1 NT: Disconnected
[2026-01-24 10:16:15] [INFO] Fused pose: [17.911032, -0.727082, 1.194852] Confidence: 4.842617 Cameras: 1 NT: Disconnected
[2026-01-24 10:16:15] [INFO] Fused pose: [17.761849, -0.732941, 1.080558] Confidence: 4.817983 Cameras: 1 NT: Disconnected
[2026-01-24 10:16:16] [INFO] Fused pose: [17.742645, -0.732971, 1.043826] Confidence: 6.494199 Cameras: 1 NT: Disconnected
[2026-01-24 10:16:16] [INFO] FPS: 73.050346
[2026-01-24 10:16:16] [INFO] Fused pose: [18.131628, -0.420057, 1.207479] Confidence: 3.648573 Cameras: 1 NT: Disconnected
[2026-01-24 10:16:17] [INFO] Fused pose: [18.269585, -0.219693, 1.550638] Confidence: 4.802950 Cameras: 1 NT: Disconnected
[2026-01-24 10:16:17] [INFO] Fused pose: [18.183706, -0.139918, 1.993743] Confidence: 5.015994 Cameras: 1 NT: Disconnected
[2026-01-24 10:16:17] [INFO] FPS: 76.388889
[2026-01-24 10:16:17] [INFO] Fused pose: [17.951620, -0.322202, 2.061088] Confidence: 5.210183 Cameras: 1 NT: Disconnected
[2026-01-24 10:16:18] [INFO] Fused pose: [17.589776, -0.726271, 1.615478] Confidence: 6.778362 Cameras: 1 NT: Disconnected
[2026-01-24 10:16:18] [INFO] Fused pose: [17.599232, -0.668489, 1.359120] Confidence: 7.140979 Cameras: 1 NT: Disconnected
[2026-01-24 10:16:19] [INFO] FPS: 73.558648
[2026-01-24 10:16:19] [INFO] Fused pose: [17.251719, -0.691522, 1.417229] Confidence: 7.612057 Cameras: 1 NT: Disconnected
[2026-01-24 10:16:19] [INFO] Fused pose: [17.261165, -0.717005, 1.501827] Confidence: 4.375025 Cameras: 1 NT: Disconnected
[2026-01-24 10:16:19] [INFO] Fused pose: [17.041500, -0.759888, 1.767510] Confidence: 6.699948 Cameras: 1 NT: Disconnected
[2026-01-24 10:16:20] [INFO] Fused pose: [16.984045, -0.621145, 2.084311] Confidence: 4.475756 Cameras: 1 NT: Disconnected
[2026-01-24 10:16:20] [INFO] FPS: 74.701195
[2026-01-24 10:16:20] [INFO] Fused pose: [17.090520, -0.321115, 2.199105] Confidence: 4.059109 Cameras: 1 NT: Disconnected
[2026-01-24 10:16:21] [INFO] Fused pose: [17.312029, -0.034849, 1.983772] Confidence: 3.569071 Cameras: 1 NT: Disconnected
[2026-01-24 10:16:21] [INFO] Fused pose: [17.248636, 0.089940, 2.072700] Confidence: 3.653843 Cameras: 1 NT: Disconnected
[2026-01-24 10:16:21] [INFO] FPS: 74.331021
[2026-01-24 10:16:21] [INFO] Fused pose: [17.412233, 0.023646, 2.361983] Confidence: 3.251259 Cameras: 1 NT: Disconnected
[2026-01-24 10:16:22] [INFO] Fused pose: [17.821986, -0.258633, 2.453511] Confidence: 5.733445 Cameras: 1 NT: Disconnected
[2026-01-24 10:16:22] [INFO] Fused pose: [18.304052, -0.664759, 2.043225] Confidence: 5.941170 Cameras: 1 NT: Disconnected
[2026-01-24 10:16:23] [INFO] FPS: 75.772682
[2026-01-24 10:16:23] [INFO] Fused pose: [19.237979, -0.779399, 0.573919] Confidence: 7.207944 Cameras: 1 NT: Disconnected
[2026-01-24 10:16:23] [INFO] Fused pose: [19.007368, -1.172615, 0.118688] Confidence: 9.824548 Cameras: 1 NT: Disconnected
[2026-01-24 10:16:24] [INFO] Fused pose: [17.568999, -2.359509, 0.334958] Confidence: 7.733717 Cameras: 1 NT: Disconnected
[2026-01-24 10:16:24] [INFO] FPS: 76.086957
[2026-01-24 10:16:24] [INFO] Fused pose: [17.991373, -2.071993, -0.283530] Confidence: 6.070929 Cameras: 1 NT: Disconnected
[2026-01-24 10:16:25] [INFO] Fused pose: [18.286395, -1.545681, -0.762009] Confidence: 7.112384 Cameras: 1 NT: Disconnected
[2026-01-24 10:16:25] [INFO] Fused pose: [18.132808, -1.490173, -0.414899] Confidence: 8.951850 Cameras: 1 NT: Disconnected
[2026-01-24 10:16:25] [INFO] FPS: 74.110672
[2026-01-24 10:16:25] [INFO] Fused pose: [17.778385, -1.259016, 0.573663] Confidence: 7.998168 Cameras: 1 NT: Disconnected
[2026-01-24 10:16:26] [INFO] Fused pose: [17.818375, -0.743331, 0.976946] Confidence: 1.526901 Cameras: 1 NT: Disconnected
[2026-01-24 10:16:26] [INFO] FPS: 75.546720
[2026-01-24 10:16:28] [INFO] FPS: 78.063241
[2026-01-24 10:16:29] [INFO] FPS: 77.766700
[2026-01-24 10:16:30] [INFO] FPS: 73.631841
[2026-01-24 10:16:32] [INFO] FPS: 74.331021
[2026-01-24 10:16:33] [INFO] FPS: 79.286422
[2026-01-24 10:16:34] [INFO] FPS: 77.227723
[2026-01-24 10:16:36] [INFO] FPS: 77.844311
[2026-01-24 10:16:37] [INFO] FPS: 76.923077
[2026-01-24 10:16:38] [INFO] FPS: 78.295342
[2026-01-24 10:16:39] [INFO] FPS: 76.616915
[2026-01-24 10:16:41] [INFO] FPS: 78.295342
[2026-01-24 10:16:42] [INFO] FPS: 79.051383
[2026-01-24 10:16:43] [INFO] FPS: 78.000000
[2026-01-24 10:16:45] [INFO] FPS: 78.606965
[2026-01-24 10:16:46] [INFO] FPS: 76.000000
[2026-01-24 10:16:47] [INFO] FPS: 77.534791
[2026-01-24 10:16:48] [INFO] FPS: 79.129575
[2026-01-24 10:16:50] [INFO] FPS: 77.766700
[2026-01-24 10:16:51] [INFO] FPS: 77.227723
[2026-01-24 10:16:52] [INFO] FPS: 78.063241
[2026-01-24 10:16:54] [INFO] FPS: 78.763709
[2026-01-24 10:16:55] [INFO] FPS: 76.693227
[2026-01-24 10:16:56] [INFO] FPS: 77.766700
[2026-01-24 10:16:57] [INFO] FPS: 77.227723
[2026-01-24 10:16:59] [INFO] FPS: 79.840319
[2026-01-24 10:17:00] [INFO] FPS: 77.766700
[2026-01-24 10:17:01] [INFO] FPS: 78.450844
[2026-01-24 10:17:03] [INFO] FPS: 80.198020
[2026-01-24 10:17:04] [INFO] FPS: 75.848303
[2026-01-24 10:17:05] [INFO] FPS: 78.921079
[2026-01-24 10:17:06] [INFO] FPS: 76.616915
[2026-01-24 10:17:08] [INFO] FPS: 76.616915
[2026-01-24 10:17:09] [INFO] FPS: 78.973346
[2026-01-24 10:17:10] [INFO] FPS: 78.842315
[2026-01-24 10:17:12] [INFO] FPS: 77.380952
[2026-01-24 10:17:13] [INFO] FPS: 76.999013
[2026-01-24 10:17:14] [INFO] FPS: 79.840319
[2026-01-24 10:17:15] [INFO] FPS: 78.842315
[2026-01-24 10:17:17] [INFO] FPS: 77.986180
[2026-01-24 10:17:18] [INFO] FPS: 75.924076
[2026-01-24 10:17:19] [INFO] FPS: 78.921079
[2026-01-24 10:17:21] [INFO] FPS: 78.373016
[2026-01-24 10:17:22] [INFO] FPS: 77.534791
[2026-01-24 10:17:23] [INFO] FPS: 77.766700
[2026-01-24 10:17:24] [INFO] FPS: 78.685259
[2026-01-24 10:17:26] [INFO] FPS: 78.295342
[2026-01-24 10:17:27] [INFO] FPS: 78.606965
[2026-01-24 10:17:28] [INFO] FPS: 79.286422
[2026-01-24 10:17:29] [INFO] FPS: 76.846307
[2026-01-24 10:17:31] [INFO] FPS: 79.051383
[2026-01-24 10:17:32] [INFO] FPS: 77.380952
[2026-01-24 10:17:33] [INFO] FPS: 77.689243
[2026-01-24 10:17:35] [INFO] FPS: 75.621891
[2026-01-24 10:17:36] [INFO] FPS: 77.922078
[2026-01-24 10:17:37] [INFO] FPS: 79.000000
[2026-01-24 10:17:38] [INFO] FPS: 78.217822
[2026-01-24 10:17:40] [INFO] FPS: 77.922078
[2026-01-24 10:17:41] [INFO] FPS: 77.766700
[2026-01-24 10:17:42] [INFO] FPS: 78.450844
[2026-01-24 10:17:44] [INFO] FPS: 76.540755
[2026-01-24 10:17:45] [INFO] FPS: 77.611940
[2026-01-24 10:17:46] [INFO] FPS: 78.763709
[2026-01-24 10:17:47] [INFO] FPS: 78.140455
[2026-01-24 10:17:49] [INFO] FPS: 79.000000
[2026-01-24 10:17:50] [INFO] FPS: 79.129575
[2026-01-24 10:17:51] [INFO] FPS: 78.295342
[2026-01-24 10:17:53] [INFO] FPS: 77.844311
[2026-01-24 10:17:54] [INFO] FPS: 78.000000
[2026-01-24 10:17:55] [INFO] FPS: 77.380952
[2026-01-24 10:17:56] [INFO] FPS: 77.000000
[2026-01-24 10:17:58] [INFO] FPS: 78.000000
[2026-01-24 10:17:59] [INFO] FPS: 78.921079
[2026-01-24 10:18:00] [INFO] FPS: 79.522863
[2026-01-24 10:18:01] [INFO] FPS: 77.844311
[2026-01-24 10:18:03] [INFO] FPS: 79.286422
[2026-01-24 10:18:04] [INFO] FPS: 75.322101
[2026-01-24 10:18:05] [INFO] FPS: 77.534791
[2026-01-24 10:18:07] [INFO] FPS: 79.522863
[2026-01-24 10:18:08] [INFO] FPS: 76.464747
[2026-01-24 10:18:09] [INFO] FPS: 79.601990
[2026-01-24 10:18:10] [INFO] FPS: 78.000000
[2026-01-24 10:18:12] [INFO] FPS: 78.842315
[2026-01-24 10:18:13] [INFO] FPS: 78.140455
[2026-01-24 10:18:14] [INFO] FPS: 78.373016
[2026-01-24 10:18:16] [INFO] FPS: 79.000000
[2026-01-24 10:18:17] [INFO] FPS: 78.140455
[2026-01-24 10:18:18] [INFO] FPS: 76.313181
[2026-01-24 10:18:19] [INFO] FPS: 77.380952
[2026-01-24 10:18:21] [INFO] FPS: 78.450844
[2026-01-24 10:18:22] [INFO] FPS: 78.140455
[2026-01-24 10:18:23] [INFO] FPS: 79.760718
[2026-01-24 10:18:25] [INFO] FPS: 77.227723
[2026-01-24 10:18:26] [INFO] FPS: 74.183976
[2026-01-24 10:18:27] [INFO] FPS: 79.601990
[2026-01-24 10:18:28] [INFO] FPS: 79.920080
[2026-01-24 10:18:30] [INFO] FPS: 75.000000
[2026-01-24 10:18:31] [INFO] FPS: 79.443893
[2026-01-24 10:18:32] [INFO] FPS: 78.217822
[2026-01-24 10:18:34] [INFO] FPS: 78.528827
[2026-01-24 10:18:35] [INFO] FPS: 78.140455
[2026-01-24 10:18:36] [INFO] FPS: 77.380952
[2026-01-24 10:18:37] [INFO] FPS: 77.844311
[2026-01-24 10:18:39] [INFO] FPS: 75.772682
[2026-01-24 10:18:40] [INFO] FPS: 78.295342
[2026-01-24 10:18:41] [INFO] FPS: 79.129575
[2026-01-24 10:18:43] [INFO] FPS: 77.766700
[2026-01-24 10:18:44] [INFO] FPS: 78.528827
[2026-01-24 10:18:45] [INFO] FPS: 78.295342
[2026-01-24 10:18:46] [INFO] FPS: 78.373016
[2026-01-24 10:18:48] [INFO] FPS: 79.051383
[2026-01-24 10:18:49] [INFO] FPS: 77.304262
[2026-01-24 10:18:50] [INFO] FPS: 78.685259
[2026-01-24 10:18:51] [INFO] FPS: 80.118694
[2026-01-24 10:18:53] [INFO] FPS: 78.000000
[2026-01-24 10:18:54] [INFO] FPS: 78.217822
[2026-01-24 10:18:55] [INFO] FPS: 77.922078
[2026-01-24 10:18:57] [INFO] FPS: 78.295342
[2026-01-24 10:18:58] [INFO] FPS: 77.689243
[2026-01-24 10:18:59] [INFO] FPS: 77.844311
[2026-01-24 10:19:00] [INFO] FPS: 78.217822
[2026-01-24 10:19:02] [INFO] FPS: 77.922078
[2026-01-24 10:19:03] [INFO] FPS: 78.000000
[2026-01-24 10:19:04] [INFO] FPS: 79.051383
[2026-01-24 10:19:06] [INFO] FPS: 78.842315
[2026-01-24 10:19:07] [INFO] FPS: 79.051383
[2026-01-24 10:19:08] [INFO] FPS: 75.247525
[2026-01-24 10:19:09] [INFO] FPS: 76.000000
[2026-01-24 10:19:11] [INFO] FPS: 76.999013
[2026-01-24 10:19:12] [INFO] FPS: 78.842315
[2026-01-24 10:19:13] [INFO] FPS: 78.606965
[2026-01-24 10:19:15] [INFO] FPS: 78.921079
[2026-01-24 10:19:16] [INFO] FPS: 79.443893
[2026-01-24 10:19:17] [INFO] FPS: 79.286422
[2026-01-24 10:19:18] [INFO] FPS: 78.895464
[2026-01-24 10:19:20] [INFO] FPS: 80.000000
[2026-01-24 10:19:21] [INFO] FPS: 76.237624
[2026-01-24 10:19:22] [INFO] FPS: 78.295342
[2026-01-24 10:19:23] [INFO] FPS: 78.528827
[2026-01-24 10:19:25] [INFO] FPS: 77.689243
[2026-01-24 10:19:26] [INFO] FPS: 79.760718
[2026-01-24 10:19:27] [INFO] FPS: 78.606965
[2026-01-24 10:19:29] [INFO] FPS: 79.000000
[2026-01-24 10:19:30] [INFO] FPS: 79.365079
[2026-01-24 10:19:31] [INFO] FPS: 78.842315
[2026-01-24 10:19:32] [INFO] FPS: 76.000000
[2026-01-24 10:19:34] [INFO] FPS: 78.217822
[2026-01-24 10:19:35] [INFO] FPS: 78.921079
[2026-01-24 10:19:36] [INFO] FPS: 77.380952
[2026-01-24 10:19:37] [INFO] FPS: 79.129575
[2026-01-24 10:19:39] [INFO] FPS: 76.693227
[2026-01-24 10:19:40] [INFO] FPS: 78.763709
[2026-01-24 10:19:41] [INFO] FPS: 76.237624
[2026-01-24 10:19:43] [INFO] FPS: 78.295342
[2026-01-24 10:19:44] [INFO] FPS: 78.685259
[2026-01-24 10:19:45] [INFO] FPS: 79.286422
[2026-01-24 10:19:46] [INFO] FPS: 78.763709
[2026-01-24 10:19:48] [INFO] FPS: 79.000000
[2026-01-24 10:19:49] [INFO] FPS: 78.842315
[2026-01-24 10:19:50] [INFO] FPS: 77.986180
[2026-01-24 10:19:52] [INFO] FPS: 78.373016
[2026-01-24 10:19:53] [INFO] FPS: 79.840319
[2026-01-24 10:19:54] [INFO] FPS: 77.611940
[2026-01-24 10:19:55] [INFO] FPS: 77.689243
[2026-01-24 10:19:57] [INFO] FPS: 76.769691
[2026-01-24 10:19:58] [INFO] FPS: 77.844311
[2026-01-24 10:19:59] [INFO] FPS: 79.522863
[2026-01-24 10:20:01] [INFO] FPS: 77.227723
[2026-01-24 10:20:02] [INFO] FPS: 74.478649
[2026-01-24 10:20:03] [INFO] FPS: 78.685259
[2026-01-24 10:20:04] [INFO] FPS: 79.760718
[2026-01-24 10:20:06] [INFO] FPS: 78.763709
[2026-01-24 10:20:07] [INFO] FPS: 77.380952
[2026-01-24 10:20:08] [INFO] FPS: 78.373016
[2026-01-24 10:20:10] [INFO] FPS: 79.000000
[2026-01-24 10:20:11] [INFO] FPS: 78.763709
[2026-01-24 10:20:12] [INFO] FPS: 78.063241
[2026-01-24 10:20:13] [INFO] FPS: 79.207921
[2026-01-24 10:20:15] [INFO] FPS: 78.217822
[2026-01-24 10:20:16] [INFO] FPS: 79.920080
[2026-01-24 10:20:17] [INFO] FPS: 77.844311
[2026-01-24 10:20:18] [INFO] FPS: 78.373016
[2026-01-24 10:20:20] [INFO] FPS: 74.552684
[2026-01-24 10:20:21] [INFO] FPS: 79.760718
[2026-01-24 10:20:22] [INFO] FPS: 78.973346
[2026-01-24 10:20:24] [INFO] FPS: 75.471698
[2026-01-24 10:20:25] [INFO] FPS: 78.685259
[2026-01-24 10:20:26] [INFO] FPS: 79.207921
[2026-01-24 10:20:27] [INFO] FPS: 79.000000
[2026-01-24 10:20:29] [INFO] FPS: 79.681275
[2026-01-24 10:20:30] [INFO] FPS: 79.840319
[2026-01-24 10:20:31] [INFO] FPS: 76.313181
[2026-01-24 10:20:33] [INFO] FPS: 76.464747
[2026-01-24 10:20:34] [INFO] FPS: 79.920080
[2026-01-24 10:20:35] [INFO] FPS: 74.626866
[2026-01-24 10:20:36] [INFO] FPS: 79.286422
[2026-01-24 10:20:38] [INFO] FPS: 78.000000
[2026-01-24 10:20:39] [INFO] FPS: 78.763709
[2026-01-24 10:20:40] [INFO] FPS: 78.606965
[2026-01-24 10:20:41] [INFO] FPS: 77.922078
[2026-01-24 10:20:43] [INFO] FPS: 79.522863
[2026-01-24 10:20:44] [INFO] FPS: 79.000000
[2026-01-24 10:20:45] [INFO] FPS: 79.207921
[2026-01-24 10:20:47] [INFO] FPS: 78.528827
[2026-01-24 10:20:48] [INFO] FPS: 78.528827
[2026-01-24 10:20:49] [INFO] FPS: 77.844311
[2026-01-24 10:20:50] [INFO] FPS: 79.051383
[2026-01-24 10:20:52] [INFO] FPS: 79.286422
[2026-01-24 10:20:53] [INFO] FPS: 78.000000
[2026-01-24 10:20:54] [INFO] FPS: 78.063241
[2026-01-24 10:20:56] [INFO] FPS: 79.000000
[2026-01-24 10:20:57] [INFO] FPS: 78.140455
[2026-01-24 10:20:58] [INFO] FPS: 78.685259
[2026-01-24 10:20:59] [INFO] FPS: 78.842315
[2026-01-24 10:21:01] [INFO] FPS: 78.063241
[2026-01-24 10:21:02] [INFO] FPS: 79.760718
[2026-01-24 10:21:03] [INFO] FPS: 77.844311
[2026-01-24 10:21:04] [INFO] FPS: 78.140455
[2026-01-24 10:21:06] [INFO] FPS: 78.606965
[2026-01-24 10:21:07] [INFO] FPS: 78.606965
[2026-01-24 10:21:08] [INFO] FPS: 78.450844
[2026-01-24 10:21:10] [INFO] FPS: 79.601990
[2026-01-24 10:21:11] [INFO] FPS: 78.763709
[2026-01-24 10:21:12] [INFO] FPS: 77.689243
[2026-01-24 10:21:13] [INFO] FPS: 78.528827
[2026-01-24 10:21:15] [INFO] FPS: 78.295342
[2026-01-24 10:21:16] [INFO] FPS: 79.286422
[2026-01-24 10:21:17] [INFO] FPS: 79.681275
[2026-01-24 10:21:19] [INFO] FPS: 79.286422
[2026-01-24 10:21:20] [INFO] FPS: 78.842315
[2026-01-24 10:21:21] [INFO] FPS: 79.960513
[2026-01-24 10:21:22] [INFO] FPS: 79.365079
[2026-01-24 10:21:24] [INFO] FPS: 79.286422
[2026-01-24 10:21:25] [INFO] FPS: 79.522863
[2026-01-24 10:21:26] [INFO] FPS: 78.528827
[2026-01-24 10:21:27] [INFO] FPS: 78.217822
[2026-01-24 10:21:29] [INFO] FPS: 77.534791
[2026-01-24 10:21:30] [INFO] FPS: 78.763709
[2026-01-24 10:21:31] [INFO] FPS: 80.118694
[2026-01-24 10:21:32] [INFO] FPS: 78.140455
[2026-01-24 10:21:34] [INFO] FPS: 79.207921
[2026-01-24 10:21:35] [INFO] FPS: 79.000000
[2026-01-24 10:21:36] [INFO] FPS: 77.611940
[2026-01-24 10:21:38] [INFO] FPS: 79.000000
[2026-01-24 10:21:39] [INFO] FPS: 80.118694
[2026-01-24 10:21:40] [INFO] FPS: 78.842315
[2026-01-24 10:21:41] [INFO] FPS: 76.769691
[2026-01-24 10:21:43] [INFO] FPS: 77.689243
[2026-01-24 10:21:44] [INFO] FPS: 78.140455
[2026-01-24 10:21:45] [INFO] FPS: 79.207921
[2026-01-24 10:21:47] [INFO] FPS: 79.051383
[2026-01-24 10:21:48] [INFO] FPS: 77.534791
[2026-01-24 10:21:49] [INFO] FPS: 76.540755
[2026-01-24 10:21:50] [INFO] FPS: 79.601990
[2026-01-24 10:21:52] [INFO] FPS: 79.760718
[2026-01-24 10:21:53] [INFO] FPS: 79.207921
[2026-01-24 10:21:54] [INFO] FPS: 79.920080
[2026-01-24 10:21:55] [INFO] FPS: 79.286422
[2026-01-24 10:21:57] [INFO] FPS: 74.478649
[2026-01-24 10:21:58] [INFO] FPS: 77.151335
[2026-01-24 10:21:59] [INFO] FPS: 79.920080
[2026-01-24 10:22:00] [INFO] FPS: 79.920080
[2026-01-24 10:22:02] [INFO] FPS: 80.838323
[2026-01-24 10:22:03] [INFO] FPS: 79.522863
[2026-01-24 10:22:04] [INFO] FPS: 80.198020
[2026-01-24 10:22:06] [INFO] FPS: 79.681275
[2026-01-24 10:22:07] [INFO] FPS: 78.685259
[2026-01-24 10:22:08] [INFO] FPS: 80.838323
[2026-01-24 10:22:09] [INFO] FPS: 79.920080
[2026-01-24 10:22:11] [INFO] FPS: 75.697211
[2026-01-24 10:22:12] [INFO] FPS: 80.357143
[2026-01-24 10:22:13] [INFO] FPS: 76.616915
[2026-01-24 10:22:14] [INFO] FPS: 81.107814
[2026-01-24 10:22:16] [INFO] FPS: 79.286422
[2026-01-24 10:22:17] [INFO] FPS: 78.373016
[2026-01-24 10:22:18] [INFO] FPS: 78.140455
[2026-01-24 10:22:20] [INFO] FPS: 79.522863
[2026-01-24 10:22:21] [INFO] FPS: 79.365079
[2026-01-24 10:22:22] [INFO] FPS: 79.207921
[2026-01-24 10:22:23] [INFO] FPS: 80.039526
[2026-01-24 10:22:25] [INFO] FPS: 78.842315
[2026-01-24 10:22:26] [INFO] FPS: 80.000000
[2026-01-24 10:22:27] [INFO] FPS: 80.436941
[2026-01-24 10:22:28] [INFO] FPS: 80.000000
[2026-01-24 10:22:30] [INFO] FPS: 78.973346
[2026-01-24 10:22:31] [INFO] FPS: 80.838323
[2026-01-24 10:22:32] [INFO] FPS: 77.380952
[2026-01-24 10:22:33] [INFO] FPS: 79.286422
[2026-01-24 10:22:35] [INFO] FPS: 79.443893
[2026-01-24 10:22:36] [INFO] FPS: 73.705179
[2026-01-24 10:22:37] [INFO] FPS: 78.140455
[2026-01-24 10:22:39] [INFO] FPS: 76.616915
[2026-01-24 10:22:40] [INFO] FPS: 78.921079
[2026-01-24 10:22:41] [INFO] FPS: 80.277502
[2026-01-24 10:22:42] [INFO] FPS: 79.000000
[2026-01-24 10:22:44] [INFO] FPS: 81.000000
[2026-01-24 10:22:45] [INFO] FPS: 78.450844
[2026-01-24 10:22:46] [INFO] FPS: 79.365079
[2026-01-24 10:22:47] [INFO] FPS: 78.450844
[2026-01-24 10:22:49] [INFO] FPS: 79.840319
[2026-01-24 10:22:50] [INFO] FPS: 80.277502
[2026-01-24 10:22:51] [INFO] FPS: 79.760718
[2026-01-24 10:22:52] [INFO] FPS: 80.838323
[2026-01-24 10:22:54] [INFO] FPS: 80.000000
[2026-01-24 10:22:55] [INFO] FPS: 79.286422
[2026-01-24 10:22:56] [INFO] FPS: 79.443893
[2026-01-24 10:22:57] [INFO] FPS: 78.763709
[2026-01-24 10:22:59] [INFO] FPS: 78.842315
[2026-01-24 10:23:00] [INFO] FPS: 76.388889
[2026-01-24 10:23:01] [INFO] FPS: 79.365079
[2026-01-24 10:23:02] [INFO] FPS: 80.277502
[2026-01-24 10:23:04] [INFO] FPS: 79.920080
[2026-01-24 10:23:05] [INFO] FPS: 80.039526
[2026-01-24 10:23:06] [INFO] FPS: 81.107814
[2026-01-24 10:23:07] [INFO] FPS: 79.681275
[2026-01-24 10:23:09] [INFO] FPS: 80.597015
[2026-01-24 10:23:10] [INFO] FPS: 80.677291
[2026-01-24 10:23:11] [INFO] FPS: 79.286422
[2026-01-24 10:23:12] [INFO] FPS: 79.760718
[2026-01-24 10:23:14] [INFO] FPS: 79.000000
[2026-01-24 10:23:15] [INFO] FPS: 77.689243
[2026-01-24 10:23:16] [INFO] FPS: 78.921079
[2026-01-24 10:23:18] [INFO] FPS: 79.681275
[2026-01-24 10:23:19] [INFO] FPS: 79.129575
[2026-01-24 10:23:20] [INFO] FPS: 79.443893
[2026-01-24 10:23:21] [INFO] FPS: 79.522863
[2026-01-24 10:23:23] [INFO] FPS: 79.443893
[2026-01-24 10:23:24] [INFO] FPS: 80.277502
[2026-01-24 10:23:25] [INFO] FPS: 77.227723
[2026-01-24 10:23:26] [INFO] FPS: 79.207921
[2026-01-24 10:23:28] [INFO] FPS: 78.763709
[2026-01-24 10:23:29] [INFO] FPS: 79.443893
[2026-01-24 10:23:30] [INFO] FPS: 79.286422
[2026-01-24 10:23:31] [INFO] FPS: 76.086957
[2026-01-24 10:23:33] [INFO] FPS: 78.000000
[2026-01-24 10:23:34] [INFO] FPS: 79.601990
[2026-01-24 10:23:35] [INFO] FPS: 78.606965
[2026-01-24 10:23:37] [INFO] FPS: 78.763709
[2026-01-24 10:23:38] [INFO] FPS: 76.464747
[2026-01-24 10:23:39] [INFO] FPS: 79.286422
[2026-01-24 10:23:40] [INFO] FPS: 76.313181
[2026-01-24 10:23:42] [INFO] FPS: 79.443893
[2026-01-24 10:23:43] [INFO] FPS: 79.840319
[2026-01-24 10:23:44] [INFO] FPS: 79.601990
[2026-01-24 10:23:45] [INFO] FPS: 77.227723
[2026-01-24 10:23:47] [INFO] FPS: 79.681275
[2026-01-24 10:23:48] [INFO] FPS: 78.450844
[2026-01-24 10:23:49] [INFO] FPS: 79.365079
[2026-01-24 10:23:50] [INFO] FPS: 80.277502
[2026-01-24 10:23:52] [INFO] FPS: 77.844311
[2026-01-24 10:23:53] [INFO] FPS: 79.920080
[2026-01-24 10:23:54] [INFO] FPS: 79.443893
[2026-01-24 10:23:56] [INFO] FPS: 78.763709
[2026-01-24 10:23:57] [INFO] FPS: 75.471698
[2026-01-24 10:23:58] [INFO] FPS: 78.842315
[2026-01-24 10:23:59] [INFO] FPS: 79.522863
[2026-01-24 10:24:01] [INFO] FPS: 79.760718
[2026-01-24 10:24:02] [INFO] FPS: 79.365079
[2026-01-24 10:24:03] [INFO] FPS: 79.000000
[2026-01-24 10:24:04] [INFO] FPS: 79.802956
[2026-01-24 10:24:06] [INFO] FPS: 79.207921
[2026-01-24 10:24:07] [INFO] FPS: 77.151335
[2026-01-24 10:24:08] [INFO] FPS: 78.295342
[2026-01-24 10:24:10] [INFO] FPS: 79.443893
[2026-01-24 10:24:11] [INFO] FPS: 80.436941
[2026-01-24 10:24:12] [INFO] FPS: 80.039526
[2026-01-24 10:24:13] [INFO] FPS: 75.697211
[2026-01-24 10:24:15] [INFO] FPS: 79.920080
[2026-01-24 10:24:16] [INFO] FPS: 80.677291
[2026-01-24 10:24:17] [INFO] FPS: 78.373016
[2026-01-24 10:24:18] [INFO] FPS: 78.295342
[2026-01-24 10:24:20] [INFO] FPS: 79.522863
[2026-01-24 10:24:21] [INFO] FPS: 80.118694
[2026-01-24 10:24:22] [INFO] FPS: 79.601990
[2026-01-24 10:24:23] [INFO] FPS: 79.522863
[2026-01-24 10:24:25] [INFO] FPS: 77.986180
[2026-01-24 10:24:26] [INFO] FPS: 78.295342
[2026-01-24 10:24:27] [INFO] FPS: 80.436941
[2026-01-24 10:24:28] [INFO] FPS: 78.295342
[2026-01-24 10:24:30] [INFO] FPS: 80.597015
[2026-01-24 10:24:31] [INFO] FPS: 77.075099
[2026-01-24 10:24:32] [INFO] FPS: 79.920080
[2026-01-24 10:24:34] [INFO] FPS: 78.763709
[2026-01-24 10:24:35] [INFO] FPS: 80.277502
[2026-01-24 10:24:36] [INFO] FPS: 79.365079
[2026-01-24 10:24:37] [INFO] FPS: 80.757727
[2026-01-24 10:24:39] [INFO] FPS: 78.373016
[2026-01-24 10:24:40] [INFO] FPS: 80.000000
[2026-01-24 10:24:41] [INFO] FPS: 80.118694
[2026-01-24 10:24:42] [INFO] FPS: 79.443893
[2026-01-24 10:24:44] [INFO] FPS: 79.286422
[2026-01-24 10:24:45] [INFO] FPS: 80.198020
[2026-01-24 10:24:46] [INFO] FPS: 78.842315
[2026-01-24 10:24:47] [INFO] FPS: 78.450844
[2026-01-24 10:24:49] [INFO] FPS: 78.606965
[2026-01-24 10:24:50] [INFO] FPS: 76.923077
[2026-01-24 10:24:51] [INFO] FPS: 79.920080
[2026-01-24 10:24:52] [INFO] FPS: 78.373016
[2026-01-24 10:24:54] [INFO] FPS: 80.118694
[2026-01-24 10:24:55] [INFO] FPS: 78.842315
[2026-01-24 10:24:56] [INFO] FPS: 78.295342
[2026-01-24 10:24:58] [INFO] FPS: 79.840319
[2026-01-24 10:24:59] [INFO] FPS: 80.000000
[2026-01-24 10:25:00] [INFO] FPS: 78.528827
[2026-01-24 10:25:01] [INFO] FPS: 79.760718
[2026-01-24 10:25:03] [INFO] FPS: 78.921079
[2026-01-24 10:25:04] [INFO] FPS: 78.450844
[2026-01-24 10:25:05] [INFO] FPS: 77.457795
[2026-01-24 10:25:06] [INFO] FPS: 79.601990
[2026-01-24 10:25:08] [INFO] FPS: 74.528302
[2026-01-24 10:25:09] [INFO] FPS: 77.922078
[2026-01-24 10:25:10] [INFO] FPS: 78.528827
[2026-01-24 10:25:12] [INFO] FPS: 77.000000
[2026-01-24 10:25:13] [INFO] FPS: 77.922078
[2026-01-24 10:25:14] [INFO] FPS: 78.842315
[2026-01-24 10:25:15] [INFO] FPS: 78.140455
[2026-01-24 10:25:17] [INFO] FPS: 77.766700
[2026-01-24 10:25:18] [INFO] FPS: 77.380952
[2026-01-24 10:25:19] [INFO] FPS: 77.986180
[2026-01-24 10:25:21] [INFO] FPS: 76.923077
[2026-01-24 10:25:22] [INFO] FPS: 80.198020
[2026-01-24 10:25:23] [INFO] FPS: 78.763709
[2026-01-24 10:25:24] [INFO] FPS: 79.920080
[2026-01-24 10:25:26] [INFO] FPS: 78.295342
[2026-01-24 10:25:27] [INFO] FPS: 79.129575
[2026-01-24 10:25:28] [INFO] FPS: 79.443893
[2026-01-24 10:25:29] [INFO] FPS: 78.450844
[2026-01-24 10:25:31] [INFO] FPS: 78.763709
[2026-01-24 10:25:32] [INFO] FPS: 78.685259
[2026-01-24 10:25:33] [INFO] FPS: 79.681275
[2026-01-24 10:25:35] [INFO] FPS: 77.534791
[2026-01-24 10:25:36] [INFO] FPS: 77.000000
[2026-01-24 10:25:37] [INFO] FPS: 78.295342
[2026-01-24 10:25:38] [INFO] FPS: 75.322101
[2026-01-24 10:25:40] [INFO] FPS: 78.295342
[2026-01-24 10:25:41] [INFO] FPS: 78.295342
[2026-01-24 10:25:42] [INFO] FPS: 75.396825
[2026-01-24 10:25:43] [INFO] FPS: 80.919081
[2026-01-24 10:25:45] [INFO] FPS: 79.840319
[2026-01-24 10:25:46] [INFO] FPS: 80.277502
[2026-01-24 10:25:47] [INFO] FPS: 76.464747
[2026-01-24 10:25:49] [INFO] FPS: 79.286422
[2026-01-24 10:25:50] [INFO] FPS: 79.443893
[2026-01-24 10:25:51] [INFO] FPS: 79.286422
[2026-01-24 10:25:52] [INFO] FPS: 78.295342
[2026-01-24 10:25:54] [INFO] FPS: 74.582924
[2026-01-24 10:25:55] [INFO] FPS: 77.380952
[2026-01-24 10:25:56] [INFO] FPS: 78.921079
[2026-01-24 10:25:58] [INFO] FPS: 77.380952
[2026-01-24 10:25:59] [INFO] FPS: 80.677291
[2026-01-24 10:26:00] [INFO] FPS: 79.681275
[2026-01-24 10:26:01] [INFO] FPS: 80.838323
[2026-01-24 10:26:03] [INFO] FPS: 79.840319
[2026-01-24 10:26:04] [INFO] FPS: 78.842315
[2026-01-24 10:26:05] [INFO] FPS: 80.436941
[2026-01-24 10:26:06] [INFO] FPS: 79.522863
[2026-01-24 10:26:08] [INFO] FPS: 80.198020
[2026-01-24 10:26:09] [INFO] FPS: 78.373016
[2026-01-24 10:26:10] [INFO] FPS: 79.920080
[2026-01-24 10:26:11] [INFO] FPS: 75.697211
[2026-01-24 10:26:13] [INFO] FPS: 78.685259
[2026-01-24 10:26:14] [INFO] FPS: 78.373016
[2026-01-24 10:26:15] [INFO] FPS: 78.763709
[2026-01-24 10:26:17] [INFO] FPS: 78.685259
[2026-01-24 10:26:18] [INFO] FPS: 78.373016
[2026-01-24 10:26:19] [INFO] FPS: 75.697211
[2026-01-24 10:26:20] [INFO] FPS: 80.597015
[2026-01-24 10:26:22] [INFO] FPS: 77.611940
[2026-01-24 10:26:23] [INFO] FPS: 80.597015
[2026-01-24 10:26:24] [INFO] FPS: 75.697211
[2026-01-24 10:26:25] [INFO] FPS: 77.380952
[2026-01-24 10:26:27] [INFO] FPS: 78.140455
[2026-01-24 10:26:28] [INFO] FPS: 79.760718
[2026-01-24 10:26:29] [INFO] FPS: 80.597015
[2026-01-24 10:26:31] [INFO] FPS: 78.373016
[2026-01-24 10:26:32] [INFO] FPS: 80.277502
[2026-01-24 10:26:33] [INFO] FPS: 79.443893
[2026-01-24 10:26:34] [INFO] FPS: 79.522863
[2026-01-24 10:26:36] [INFO] FPS: 79.601990
[2026-01-24 10:26:37] [INFO] FPS: 80.000000
[2026-01-24 10:26:38] [INFO] FPS: 78.217822
[2026-01-24 10:26:39] [INFO] FPS: 77.611940
[2026-01-24 10:26:41] [INFO] FPS: 79.129575
[2026-01-24 10:26:42] [INFO] FPS: 78.842315
[2026-01-24 10:26:43] [INFO] FPS: 78.606965
[2026-01-24 10:26:45] [INFO] FPS: 77.534791
[2026-01-24 10:26:46] [INFO] FPS: 78.763709
[2026-01-24 10:26:47] [INFO] FPS: 79.601990
[2026-01-24 10:26:48] [INFO] FPS: 78.973346
[2026-01-24 10:26:50] [INFO] FPS: 76.000000
[2026-01-24 10:26:51] [INFO] FPS: 78.842315
[2026-01-24 10:26:52] [INFO] FPS: 79.443893
[2026-01-24 10:26:53] [INFO] FPS: 77.075099
[2026-01-24 10:26:55] [INFO] FPS: 78.921079
[2026-01-24 10:26:56] [INFO] FPS: 79.601990
[2026-01-24 10:26:57] [INFO] FPS: 79.286422
[2026-01-24 10:26:59] [INFO] FPS: 77.534791
[2026-01-24 10:27:00] [INFO] FPS: 77.844311
[2026-01-24 10:27:01] [INFO] FPS: 77.611940
[2026-01-24 10:27:02] [INFO] FPS: 77.766700
[2026-01-24 10:27:04] [INFO] FPS: 77.766700
[2026-01-24 10:27:05] [INFO] FPS: 79.129575
[2026-01-24 10:27:06] [INFO] FPS: 77.151335
[2026-01-24 10:27:08] [INFO] FPS: 77.304262
[2026-01-24 10:27:09] [INFO] FPS: 78.842315
[2026-01-24 10:27:10] [INFO] FPS: 80.118694
[2026-01-24 10:27:11] [INFO] FPS: 79.286422
[2026-01-24 10:27:13] [INFO] FPS: 78.921079
[2026-01-24 10:27:14] [INFO] FPS: 79.129575
[2026-01-24 10:27:15] [INFO] FPS: 78.217822
[2026-01-24 10:27:16] [INFO] FPS: 79.207921
[2026-01-24 10:27:18] [INFO] FPS: 80.516899
[2026-01-24 10:27:19] [INFO] FPS: 78.528827
[2026-01-24 10:27:20] [INFO] FPS: 79.207921
[2026-01-24 10:27:22] [INFO] FPS: 73.891626
[2026-01-24 10:27:23] [INFO] FPS: 79.051383
[2026-01-24 10:27:24] [INFO] FPS: 80.198020
[2026-01-24 10:27:25] [INFO] FPS: 81.673307
[2026-01-24 10:27:27] [INFO] FPS: 81.000000
[2026-01-24 10:27:28] [INFO] FPS: 79.681275
[2026-01-24 10:27:29] [INFO] FPS: 81.673307
[2026-01-24 10:27:30] [INFO] FPS: 79.601990
[2026-01-24 10:27:32] [INFO] FPS: 79.365079
[2026-01-24 10:27:33] [INFO] FPS: 77.922078
[2026-01-24 10:27:34] [INFO] FPS: 78.000000
[2026-01-24 10:27:35] [INFO] FPS: 78.295342
[2026-01-24 10:27:37] [INFO] FPS: 78.921079
[2026-01-24 10:27:38] [INFO] FPS: 77.227723
[2026-01-24 10:27:39] [INFO] FPS: 79.207921
[2026-01-24 10:27:40] [INFO] FPS: 78.842315
[2026-01-24 10:27:42] [INFO] FPS: 78.295342
[2026-01-24 10:27:43] [INFO] FPS: 80.597015
[2026-01-24 10:27:44] [INFO] FPS: 77.304262
[2026-01-24 10:27:46] [INFO] FPS: 79.286422
[2026-01-24 10:27:47] [INFO] FPS: 77.844311
[2026-01-24 10:27:48] [INFO] FPS: 79.443893
[2026-01-24 10:27:49] [INFO] FPS: 79.522863
[2026-01-24 10:27:51] [INFO] FPS: 79.760718
[2026-01-24 10:27:52] [INFO] FPS: 79.522863
[2026-01-24 10:27:53] [INFO] FPS: 79.207921
[2026-01-24 10:27:54] [INFO] FPS: 79.840319
[2026-01-24 10:27:56] [INFO] FPS: 80.118694
[2026-01-24 10:27:57] [INFO] FPS: 80.277502
[2026-01-24 10:27:58] [INFO] FPS: 79.129575
[2026-01-24 10:27:59] [INFO] FPS: 79.760718
[2026-01-24 10:28:01] [INFO] FPS: 78.842315
[2026-01-24 10:28:02] [INFO] FPS: 79.760718
[2026-01-24 10:28:03] [INFO] FPS: 79.207921
[2026-01-24 10:28:04] [INFO] FPS: 79.522863
[2026-01-24 10:28:06] [INFO] FPS: 78.217822
[2026-01-24 10:28:07] [INFO] FPS: 76.540755
[2026-01-24 10:28:08] [INFO] FPS: 78.295342
[2026-01-24 10:28:10] [INFO] FPS: 78.000000
[2026-01-24 10:28:11] [INFO] FPS: 79.207921
[2026-01-24 10:28:12] [INFO] FPS: 77.689243
[2026-01-24 10:28:13] [INFO] FPS: 79.207921
[2026-01-24 10:28:15] [INFO] FPS: 79.840319
[2026-01-24 10:28:16] [INFO] FPS: 79.129575
[2026-01-24 10:28:17] [INFO] FPS: 80.039526
[2026-01-24 10:28:18] [INFO] FPS: 80.357143
[2026-01-24 10:28:20] [INFO] FPS: 78.140455
[2026-01-24 10:28:21] [INFO] FPS: 78.842315
[2026-01-24 10:28:22] [INFO] FPS: 75.546720
[2026-01-24 10:28:23] [INFO] FPS: 79.207921
[2026-01-24 10:28:25] [INFO] FPS: 78.063241
[2026-01-24 10:28:26] [INFO] FPS: 79.000000
[2026-01-24 10:28:27] [INFO] FPS: 76.464747
[2026-01-24 10:28:29] [INFO] FPS: 78.140455
[2026-01-24 10:28:30] [INFO] FPS: 79.000000
[2026-01-24 10:28:31] [INFO] FPS: 79.207921
[2026-01-24 10:28:32] [INFO] FPS: 79.760718
[2026-01-24 10:28:34] [INFO] FPS: 77.534791
[2026-01-24 10:28:35] [INFO] FPS: 76.846307
[2026-01-24 10:28:36] [INFO] FPS: 78.295342
[2026-01-24 10:28:38] [INFO] FPS: 78.842315
[2026-01-24 10:28:39] [INFO] FPS: 79.365079
[2026-01-24 10:28:40] [INFO] FPS: 78.000000
[2026-01-24 10:28:41] [INFO] FPS: 79.286422
[2026-01-24 10:28:43] [INFO] FPS: 79.365079
[2026-01-24 10:28:44] [INFO] FPS: 79.760718
[2026-01-24 10:28:45] [INFO] FPS: 77.766700
[2026-01-24 10:28:46] [INFO] FPS: 79.840319
[2026-01-24 10:28:48] [INFO] FPS: 79.601990
[2026-01-24 10:28:49] [INFO] FPS: 78.063241
[2026-01-24 10:28:50] [INFO] FPS: 78.217822
[2026-01-24 10:28:51] [INFO] FPS: 80.198020
[2026-01-24 10:28:53] [INFO] FPS: 77.075099
[2026-01-24 10:28:54] [INFO] FPS: 78.685259
[2026-01-24 10:28:55] [INFO] FPS: 79.522863
[2026-01-24 10:28:57] [INFO] FPS: 77.922078
[2026-01-24 10:28:58] [INFO] FPS: 80.000000
[2026-01-24 10:28:59] [INFO] FPS: 78.921079
[2026-01-24 10:29:00] [INFO] FPS: 79.129575
[2026-01-24 10:29:02] [INFO] FPS: 80.198020
[2026-01-24 10:29:03] [INFO] FPS: 79.760718
[2026-01-24 10:29:04] [INFO] FPS: 78.763709
[2026-01-24 10:29:05] [INFO] FPS: 77.766700
[2026-01-24 10:29:07] [INFO] FPS: 79.443893
[2026-01-24 10:29:08] [INFO] FPS: 79.681275
[2026-01-24 10:29:09] [INFO] FPS: 77.844311
[2026-01-24 10:29:10] [INFO] FPS: 79.000000
[2026-01-24 10:29:12] [INFO] FPS: 80.000000
[2026-01-24 10:29:13] [INFO] FPS: 76.846307
[2026-01-24 10:29:14] [INFO] FPS: 78.685259
[2026-01-24 10:29:15] [INFO] FPS: 81.592040
[2026-01-24 10:29:16] [INFO] Interrupt signal received. Shutting down...
[2026-01-24 10:29:16] [INFO] Shutting down...
[2026-01-24 10:29:16] [INFO] Stopped camera stream: front_camera
[2026-01-24 10:29:16] [INFO] MJPEG stream 'front_camera' stopped
[2026-01-24 10:29:16] [INFO] Network streamer stopped
[2026-01-24 10:29:16] [DEBUG] MJPEG client disconnected from front_camera
[2026-01-24 10:29:53] [INFO] Web server stopped
[2026-01-24 10:29:53] [INFO] Final performance statistics:
[2026-01-24 10:29:53] [INFO] System shutdown complete. Processed 64941 frames.
[2026-01-24 10:37:53] [INFO] === AprilTag Multi-Camera Vision System ===
[2026-01-24 10:37:53] [INFO] Starting advanced vision system with fusion and networking...
[2026-01-24 10:37:53] [INFO] Field layout loaded: /Users/sim/Projects/aprilTagDetector/Layout/2025-official.json
[2026-01-24 10:37:53] [INFO] Added camera: front_camera
[2026-01-24 10:37:53] [INFO] Network streamer started on 127.0.0.1:5800
[2026-01-24 10:37:53] [INFO] Network streamer started on UDP port 5800
[2026-01-24 10:37:53] [INFO] NetworkTables publishing disabled
[2026-01-24 10:37:53] [INFO] Added MJPEG stream: front_camera on port 8081
[2026-01-24 10:37:53] [INFO] MJPEG stream 'front_camera' started on port 8081
[2026-01-24 10:37:53] [INFO] MJPEG streams started
[2026-01-24 10:37:53] [INFO] Web server started on port 8080
[2026-01-24 10:37:53] [INFO] Web interface available at http://localhost:8080
[2026-01-24 10:37:55] [INFO] Started camera stream: front_camera
[2026-01-24 10:37:55] [INFO] All cameras started
[2026-01-24 10:37:55] [INFO] System running. Press Ctrl+C to exit.
[2026-01-24 10:37:55] [INFO] Web interface: http://localhost:8080
[2026-01-24 10:37:56] [INFO] FPS: 82.178218
[2026-01-24 10:37:57] [INFO] FPS: 80.277502
[2026-01-24 10:37:59] [INFO] FPS: 81.349206
[2026-01-24 10:38:00] [INFO] FPS: 81.592040
[2026-01-24 10:38:01] [INFO] FPS: 79.840319
[2026-01-24 10:38:02] [INFO] FPS: 81.000000
[2026-01-24 10:38:03] [INFO] FPS: 81.429990
[2026-01-24 10:38:04] [DEBUG] MJPEG client connected to front_camera
[2026-01-24 10:38:05] [INFO] FPS: 80.000000
[2026-01-24 10:38:06] [INFO] FPS: 80.357143
[2026-01-24 10:38:07] [INFO] FPS: 80.118694
[2026-01-24 10:38:08] [INFO] FPS: 81.429990
[2026-01-24 10:38:10] [INFO] FPS: 80.516899
[2026-01-24 10:38:10] [INFO] Fused pose: [17.214590, -0.854158, 1.520681] Confidence: 5.481499 Cameras: 1 NT: Disconnected
[2026-01-24 10:38:11] [INFO] Fused pose: [17.248862, -0.833341, 1.513099] Confidence: 5.221514 Cameras: 1 NT: Disconnected
[2026-01-24 10:38:11] [INFO] FPS: 77.304262
[2026-01-24 10:38:11] [INFO] Fused pose: [17.313055, -0.789693, 1.513632] Confidence: 4.710505 Cameras: 1 NT: Disconnected
[2026-01-24 10:38:12] [INFO] Fused pose: [17.360602, -0.793114, 1.420947] Confidence: 4.205692 Cameras: 1 NT: Disconnected
[2026-01-24 10:38:12] [INFO] Fused pose: [17.416921, -0.763311, 1.332294] Confidence: 3.354454 Cameras: 1 NT: Disconnected
[2026-01-24 10:38:12] [INFO] FPS: 77.151335
[2026-01-24 10:38:12] [INFO] Fused pose: [17.422187, -0.745635, 1.286594] Confidence: 4.253543 Cameras: 1 NT: Disconnected
[2026-01-24 10:38:13] [INFO] Fused pose: [17.447573, -0.741341, 1.255630] Confidence: 3.919822 Cameras: 1 NT: Disconnected
[2026-01-24 10:38:14] [INFO] FPS: 76.616915
[2026-01-24 10:38:14] [INFO] Fused pose: [17.936979, -0.341303, 1.441523] Confidence: 3.586803 Cameras: 1 NT: Disconnected
[2026-01-24 10:38:15] [INFO] Fused pose: [17.869849, -0.320366, 1.692956] Confidence: 4.139159 Cameras: 1 NT: Disconnected
[2026-01-24 10:38:15] [INFO] FPS: 78.685259
[2026-01-24 10:38:15] [INFO] Fused pose: [17.876988, -0.300365, 1.707036] Confidence: 4.200758 Cameras: 1 NT: Disconnected
[2026-01-24 10:38:16] [INFO] Fused pose: [17.881034, -0.233697, 1.702961] Confidence: 4.745456 Cameras: 1 NT: Disconnected
[2026-01-24 10:38:16] [INFO] Fused pose: [17.921076, -0.204705, 1.640655] Confidence: 3.928514 Cameras: 1 NT: Disconnected
[2026-01-24 10:38:16] [INFO] FPS: 76.999013
[2026-01-24 10:38:16] [INFO] Fused pose: [17.946155, -0.216845, 1.503770] Confidence: 3.826753 Cameras: 1 NT: Disconnected
[2026-01-24 10:38:17] [INFO] Fused pose: [17.335684, -0.742770, 1.348160] Confidence: 3.494087 Cameras: 1 NT: Disconnected
[2026-01-24 10:38:17] [INFO] Fused pose: [18.139056, 0.298992, 1.546453] Confidence: 3.350781 Cameras: 1 NT: Disconnected
[2026-01-24 10:38:17] [INFO] FPS: 78.000000
[2026-01-24 10:38:17] [INFO] Fused pose: [18.202989, 0.654236, 1.622071] Confidence: 3.045479 Cameras: 1 NT: Disconnected
[2026-01-24 10:38:18] [INFO] Fused pose: [18.226041, 0.489556, 1.231705] Confidence: 4.155506 Cameras: 1 NT: Disconnected
[2026-01-24 10:38:18] [INFO] Fused pose: [17.785354, -0.003150, 0.476751] Confidence: 3.563327 Cameras: 1 NT: Disconnected
[2026-01-24 10:38:19] [INFO] Fused pose: [17.637948, -0.191783, 0.413485] Confidence: 4.010144 Cameras: 1 NT: Disconnected
[2026-01-24 10:38:19] [INFO] FPS: 77.151335
[2026-01-24 10:38:19] [INFO] Fused pose: [17.637297, -0.248570, 0.475332] Confidence: 3.399868 Cameras: 1 NT: Disconnected
[2026-01-24 10:38:19] [INFO] Fused pose: [17.603993, -0.331891, 0.566906] Confidence: 3.227438 Cameras: 1 NT: Disconnected
[2026-01-24 10:38:20] [INFO] Fused pose: [17.615801, -0.341132, 0.618168] Confidence: 3.363462 Cameras: 1 NT: Disconnected
[2026-01-24 10:38:20] [INFO] FPS: 76.237624
[2026-01-24 10:38:20] [INFO] Fused pose: [17.621605, -0.308407, 0.526734] Confidence: 3.951276 Cameras: 1 NT: Disconnected
[2026-01-24 10:38:21] [INFO] Fused pose: [17.547419, -0.157622, 0.304331] Confidence: 3.891808 Cameras: 1 NT: Disconnected
[2026-01-24 10:38:21] [INFO] Fused pose: [17.484846, 0.018524, 0.157332] Confidence: 3.816928 Cameras: 1 NT: Disconnected
[2026-01-24 10:38:21] [INFO] FPS: 76.540755
[2026-01-24 10:38:21] [INFO] Fused pose: [17.365438, 0.177333, 0.018066] Confidence: 3.286789 Cameras: 1 NT: Disconnected
[2026-01-24 10:38:22] [INFO] Fused pose: [17.281237, 0.274044, -0.036663] Confidence: 3.928869 Cameras: 1 NT: Disconnected
[2026-01-24 10:38:22] [INFO] Fused pose: [17.342901, 0.228933, 0.006606] Confidence: 3.811622 Cameras: 1 NT: Disconnected
[2026-01-24 10:38:23] [INFO] Fused pose: [17.631026, -0.063302, 0.335077] Confidence: 4.486227 Cameras: 1 NT: Disconnected
[2026-01-24 10:38:23] [INFO] FPS: 77.227723
[2026-01-24 10:38:24] [INFO] FPS: 76.693227
[2026-01-24 10:38:25] [INFO] FPS: 79.286422
[2026-01-24 10:38:25] [INFO] Fused pose: [17.463594, -0.726130, 1.293191] Confidence: 5.053980 Cameras: 1 NT: Disconnected
[2026-01-24 10:38:26] [INFO] Fused pose: [17.205939, -0.882430, 1.258532] Confidence: 4.735923 Cameras: 1 NT: Disconnected
[2026-01-24 10:38:26] [INFO] Fused pose: [17.142147, -0.962692, 1.300076] Confidence: 4.837688 Cameras: 1 NT: Disconnected
[2026-01-24 10:38:26] [INFO] Fused pose: [17.088062, -0.972965, 1.494639] Confidence: 6.563487 Cameras: 1 NT: Disconnected
[2026-01-24 10:38:27] [INFO] FPS: 76.086957
[2026-01-24 10:38:27] [INFO] Fused pose: [17.120234, -0.977067, 1.540679] Confidence: 6.444750 Cameras: 1 NT: Disconnected
[2026-01-24 10:38:27] [INFO] Fused pose: [17.060695, -1.036129, 1.467893] Confidence: 4.902873 Cameras: 1 NT: Disconnected
[2026-01-24 10:38:28] [INFO] Fused pose: [16.863662, -1.067308, 1.426070] Confidence: 5.588377 Cameras: 1 NT: Disconnected
[2026-01-24 10:38:28] [INFO] FPS: 74.925075
[2026-01-24 10:38:28] [INFO] Fused pose: [16.829111, -1.078422, 1.413545] Confidence: 6.403556 Cameras: 1 NT: Disconnected
[2026-01-24 10:38:28] [INFO] Fused pose: [16.851181, -1.075784, 1.412469] Confidence: 6.408474 Cameras: 1 NT: Disconnected
[2026-01-24 10:38:29] [INFO] Fused pose: [16.867089, -1.061501, 1.421470] Confidence: 6.426859 Cameras: 1 NT: Disconnected
[2026-01-24 10:38:29] [INFO] FPS: 76.693227
[2026-01-24 10:38:29] [INFO] Fused pose: [16.860632, -1.060876, 1.419037] Confidence: 5.973075 Cameras: 1 NT: Disconnected
[2026-01-24 10:38:30] [INFO] Fused pose: [16.888848, -1.059733, 1.396947] Confidence: 6.887688 Cameras: 1 NT: Disconnected
[2026-01-24 10:38:30] [INFO] Fused pose: [16.875724, -1.069262, 1.396685] Confidence: 6.608784 Cameras: 1 NT: Disconnected
[2026-01-24 10:38:30] [INFO] Fused pose: [16.804906, -1.091585, 1.284196] Confidence: 6.540182 Cameras: 1 NT: Disconnected
[2026-01-24 10:38:30] [INFO] FPS: 76.999013
[2026-01-24 10:38:31] [INFO] Fused pose: [16.773111, -1.072546, 1.474413] Confidence: 6.355215 Cameras: 1 NT: Disconnected
[2026-01-24 10:38:31] [INFO] Fused pose: [16.860287, -1.056418, 1.406003] Confidence: 6.123080 Cameras: 1 NT: Disconnected
[2026-01-24 10:38:32] [INFO] Fused pose: [17.005514, -1.005382, 1.569208] Confidence: 6.136379 Cameras: 1 NT: Disconnected
[2026-01-24 10:38:32] [INFO] FPS: 76.464747
[2026-01-24 10:38:32] [INFO] Fused pose: [17.226203, -0.788989, 1.900406] Confidence: 4.599662 Cameras: 1 NT: Disconnected
[2026-01-24 10:38:32] [INFO] Fused pose: [18.083914, 0.033781, 1.686304] Confidence: 3.228710 Cameras: 1 NT: Disconnected
[2026-01-24 10:38:33] [INFO] FPS: 76.162216
[2026-01-24 10:38:34] [INFO] FPS: 79.840319
[2026-01-24 10:38:36] [INFO] FPS: 78.763709
[2026-01-24 10:38:37] [INFO] FPS: 80.357143
[2026-01-24 10:38:38] [INFO] FPS: 78.842315
[2026-01-24 10:38:39] [INFO] FPS: 79.365079
[2026-01-24 10:38:41] [INFO] FPS: 79.443893
[2026-01-24 10:38:42] [INFO] FPS: 78.450844
[2026-01-24 10:38:43] [INFO] FPS: 79.443893
[2026-01-24 10:38:44] [INFO] FPS: 81.107814
[2026-01-24 10:38:46] [INFO] FPS: 79.207921
[2026-01-24 10:38:47] [INFO] FPS: 78.450844
[2026-01-24 10:38:48] [INFO] FPS: 78.140455
[2026-01-24 10:38:49] [INFO] FPS: 77.766700
[2026-01-24 10:38:50] [INFO] Interrupt signal received. Shutting down...
[2026-01-24 10:38:50] [INFO] Shutting down...
[2026-01-24 10:38:50] [INFO] Stopped camera stream: front_camera
[2026-01-24 10:38:50] [INFO] MJPEG stream 'front_camera' stopped
[2026-01-24 10:38:50] [INFO] Network streamer stopped
[2026-01-24 10:38:50] [DEBUG] MJPEG client disconnected from front_camera
[2026-01-24 10:38:50] [INFO] Web server stopped
[2026-01-24 10:38:50] [INFO] Final performance statistics:
[2026-01-24 10:38:50] [INFO] System shutdown complete. Processed 4321 frames.
[2026-01-24 16:10:32] [INFO] === AprilTag Multi-Camera Vision System ===
[2026-01-24 16:10:32] [INFO] Starting advanced vision system with fusion and networking...
[2026-01-24 16:10:32] [INFO] Field layout loaded: /Users/sim/Projects/aprilTagDetector/Layout/2025-official.json
[2026-01-24 16:10:32] [INFO] Added camera: front_camera
[2026-01-24 16:10:32] [INFO] Network streamer started on 127.0.0.1:5800
[2026-01-24 16:10:32] [INFO] Network streamer started on UDP port 5800
[2026-01-24 16:10:32] [INFO] Starting NetworkTables server on port 5810
[2026-01-24 16:10:32] [INFO] NetworkTables publishers initialized
[2026-01-24 16:10:32] [INFO] NetworkTables publisher started successfully
[2026-01-24 16:10:32] [INFO] NetworkTables server started on port 5810
[2026-01-24 16:10:32] [INFO] Added MJPEG stream: front_camera on port 8081
[2026-01-24 16:10:32] [INFO] MJPEG stream 'front_camera' started on port 8081
[2026-01-24 16:10:32] [INFO] MJPEG streams started
[2026-01-24 16:10:32] [INFO] Web server started on port 8080
[2026-01-24 16:10:32] [INFO] Web interface available at http://localhost:8080
[2026-01-24 16:10:34] [INFO] Started camera stream: front_camera
[2026-01-24 16:10:34] [INFO] All cameras started
[2026-01-24 16:10:34] [INFO] System running. Press Ctrl+C to exit.
[2026-01-24 16:10:34] [INFO] Web interface: http://localhost:8080
[2026-01-24 16:10:34] [INFO] NetworkTables publishing to table: Vision
[2026-01-24 16:11:09] [INFO] === AprilTag Multi-Camera Vision System ===
[2026-01-24 16:11:09] [INFO] Starting advanced vision system with fusion and networking...
[2026-01-24 16:11:09] [INFO] Field layout loaded: /Users/sim/Projects/aprilTagDetector/Layout/2025-official.json
[2026-01-24 16:11:09] [INFO] Added camera: front_camera
[2026-01-24 16:11:09] [INFO] Network streamer started on 127.0.0.1:5800
[2026-01-24 16:11:09] [INFO] Network streamer started on UDP port 5800
[2026-01-24 16:11:09] [INFO] Starting NetworkTables server on port 5810
[2026-01-24 16:11:09] [INFO] NetworkTables publishers initialized
[2026-01-24 16:11:09] [INFO] NetworkTables publisher started successfully
[2026-01-24 16:11:09] [INFO] NetworkTables server started on port 5810
[2026-01-24 16:11:09] [INFO] Added MJPEG stream: front_camera on port 8081
[2026-01-24 16:11:09] [INFO] MJPEG stream 'front_camera' started on port 8081
[2026-01-24 16:11:09] [INFO] MJPEG streams started
[2026-01-24 16:11:09] [INFO] Web server started on port 8080
[2026-01-24 16:11:09] [INFO] Web interface available at http://localhost:8080
[2026-01-24 16:11:11] [INFO] Started camera stream: front_camera
[2026-01-24 16:11:11] [INFO] All cameras started
[2026-01-24 16:11:11] [INFO] System running. Press Ctrl+C to exit.
[2026-01-24 16:11:11] [INFO] Web interface: http://localhost:8080
[2026-01-24 16:11:11] [INFO] NetworkTables publishing to table: Vision
[2026-01-24 16:11:19] [DEBUG] MJPEG client connected to front_camera
[2026-01-24 16:11:24] [DEBUG] MJPEG client connected to front_camera
[2026-01-24 16:11:24] [DEBUG] MJPEG client disconnected from front_camera
[2026-01-24 16:11:26] [DEBUG] MJPEG client connected to front_camera
[2026-01-24 16:11:26] [DEBUG] MJPEG client disconnected from front_camera
[2026-01-24 16:17:36] [INFO] Interrupt signal received. Shutting down...
[2026-01-24 16:40:47] [INFO] === AprilTag Multi-Camera Vision System ===
[2026-01-24 16:40:47] [INFO] Starting advanced vision system with fusion and networking...
[2026-01-24 16:40:47] [INFO] Field layout loaded: /Users/sim/Projects/aprilTagDetector/Layout/2025-official.json
[2026-01-24 16:40:47] [INFO] Added camera: front_camera
[2026-01-24 16:40:47] [INFO] Network streamer started on 127.0.0.1:5800
[2026-01-24 16:40:47] [INFO] Network streamer started on UDP port 5800
[2026-01-24 16:40:47] [INFO] Starting NetworkTables server on port 5810
[2026-01-24 16:40:47] [INFO] NetworkTables publishers initialized
[2026-01-24 16:40:47] [INFO] NetworkTables publisher started successfully
[2026-01-24 16:40:47] [INFO] NetworkTables server started on port 5810
[2026-01-24 16:40:47] [INFO] Added MJPEG stream: front_camera on port 8081
[2026-01-24 16:40:47] [INFO] MJPEG stream 'front_camera' started on port 8081
[2026-01-24 16:40:47] [INFO] MJPEG streams started
[2026-01-24 16:40:47] [INFO] Web server started on port 8080
[2026-01-24 16:40:47] [INFO] Web interface available at http://localhost:8080
[2026-01-24 16:40:49] [INFO] Started camera stream: front_camera
[2026-01-24 16:40:49] [INFO] All cameras started
[2026-01-24 16:40:49] [INFO] System running. Press Ctrl+C to exit.
[2026-01-24 16:40:49] [INFO] Web interface: http://localhost:8080
[2026-01-24 16:40:49] [INFO] NetworkTables publishing to table: Vision
[2026-01-24 16:41:06] [DEBUG] MJPEG client connected to front_camera
[2026-01-24 16:41:10] [DEBUG] MJPEG client connected to front_camera
[2026-01-24 16:41:10] [DEBUG] MJPEG client disconnected from front_camera
[2026-01-24 16:44:36] [INFO] Interrupt signal received. Shutting down...
[2026-01-24 21:35:48] [INFO] === AprilTag Multi-Camera Vision System ===
[2026-01-24 21:35:48] [INFO] Starting advanced vision system with fusion and networking...
[2026-01-24 21:35:48] [INFO] Field layout loaded: /Users/sim/Projects/aprilTagDetector/Layout/2025-official.json
[2026-01-24 21:35:48] [INFO] Added camera: front_camera
[2026-01-24 21:35:48] [INFO] Network streamer started on 127.0.0.1:5800
[2026-01-24 21:35:48] [INFO] Network streamer started on UDP port 5800
[2026-01-24 21:35:48] [INFO] Attempting to start NetworkTables...
[2026-01-24 21:35:48] [INFO] Starting NetworkTables initialization (non-blocking)...
[2026-01-24 21:35:48] [INFO] Starting NetworkTables server on port 5810
[2026-01-24 21:35:48] [INFO] NetworkTables publishers initialized
[2026-01-24 21:35:48] [INFO] NetworkTables publisher initialized (connecting in background)
[2026-01-24 21:35:48] [INFO] NetworkTables server started on port 5810
[2026-01-24 21:35:48] [INFO] Added MJPEG stream: front_camera on port 8081
[2026-01-24 21:35:48] [INFO] MJPEG stream 'front_camera' started on port 8081
[2026-01-24 21:35:48] [INFO] MJPEG streams started
[2026-01-24 21:35:48] [INFO] Web server started on port 8080
[2026-01-24 21:35:48] [INFO] Web interface available at http://localhost:8080
[2026-01-24 21:35:51] [INFO] Started camera stream: front_camera
[2026-01-24 21:35:51] [INFO] All cameras started
[2026-01-24 21:35:51] [INFO] System running. Press Ctrl+C to exit.
[2026-01-24 21:35:51] [INFO] Web interface: http://localhost:8080
[2026-01-24 21:35:51] [INFO] NetworkTables publishing to table: Vision
[2026-01-24 21:36:00] [INFO] === AprilTag Multi-Camera Vision System ===
[2026-01-24 21:36:00] [INFO] Starting advanced vision system with fusion and networking...
[2026-01-24 21:36:00] [INFO] Field layout loaded: /Users/sim/Projects/aprilTagDetector/Layout/2025-official.json
[2026-01-24 21:36:00] [INFO] Added camera: front_camera
[2026-01-24 21:36:00] [INFO] Network streamer started on 127.0.0.1:5800
[2026-01-24 21:36:00] [INFO] Network streamer started on UDP port 5800
[2026-01-24 21:36:00] [INFO] Attempting to start NetworkTables...
[2026-01-24 21:36:00] [INFO] Starting NetworkTables initialization (non-blocking)...
[2026-01-24 21:36:00] [INFO] Starting NetworkTables server on port 5810
[2026-01-24 21:36:00] [INFO] NetworkTables publishers initialized
[2026-01-24 21:36:00] [INFO] NetworkTables publisher initialized (connecting in background)
[2026-01-24 21:36:00] [INFO] NetworkTables server started on port 5810
[2026-01-24 21:36:00] [INFO] Added MJPEG stream: front_camera on port 8081
[2026-01-24 21:36:00] [INFO] MJPEG stream 'front_camera' started on port 8081
[2026-01-24 21:36:00] [INFO] MJPEG streams started
[2026-01-24 21:36:00] [INFO] Web server started on port 8080
[2026-01-24 21:36:00] [INFO] Web interface available at http://localhost:8080
[2026-01-24 21:36:01] [INFO] Started camera stream: front_camera
[2026-01-24 21:36:01] [INFO] All cameras started
[2026-01-24 21:36:01] [INFO] System running. Press Ctrl+C to exit.
[2026-01-24 21:36:01] [INFO] Web interface: http://localhost:8080
[2026-01-24 21:36:01] [INFO] NetworkTables publishing to table: Vision
[2026-01-24 21:49:16] [DEBUG] MJPEG client connected to front_camera
[2026-01-24 21:50:11] [INFO] Interrupt signal received. Shutting down...
[2026-01-24 21:50:17] [INFO] === AprilTag Multi-Camera Vision System ===
[2026-01-24 21:50:17] [INFO] Starting advanced vision system with fusion and networking...
[2026-01-24 21:50:17] [INFO] Field layout loaded: /Users/sim/Projects/aprilTagDetector/Layout/2025-official.json
[2026-01-24 21:50:17] [INFO] Added camera: front_camera
[2026-01-24 21:50:17] [INFO] Network streamer started on 127.0.0.1:5800
[2026-01-24 21:50:17] [INFO] Network streamer started on UDP port 5800
[2026-01-24 21:50:17] [INFO] NetworkTables disabled in config
[2026-01-24 21:50:17] [INFO] Added MJPEG stream: front_camera on port 8081
[2026-01-24 21:50:17] [INFO] MJPEG stream 'front_camera' started on port 8081
[2026-01-24 21:50:17] [INFO] MJPEG streams started
[2026-01-24 21:50:17] [INFO] Web server started on port 8080
[2026-01-24 21:50:17] [INFO] Web interface available at http://localhost:8080
[2026-01-24 21:50:19] [INFO] Started camera stream: front_camera
[2026-01-24 21:50:19] [INFO] All cameras started
[2026-01-24 21:50:19] [INFO] System running. Press Ctrl+C to exit.
[2026-01-24 21:50:19] [INFO] Web interface: http://localhost:8080
[2026-01-24 21:50:20] [INFO] FPS: 81.510934
[2026-01-24 21:50:21] [INFO] FPS: 82.341270
[2026-01-24 21:50:22] [INFO] FPS: 79.522863
[2026-01-24 21:50:24] [INFO] FPS: 77.844311
[2026-01-24 21:50:25] [DEBUG] MJPEG client connected to front_camera
[2026-01-24 21:50:25] [INFO] FPS: 80.919081
[2026-01-24 21:50:26] [INFO] FPS: 78.450844
[2026-01-24 21:50:27] [INFO] FPS: 79.601990
[2026-01-24 21:50:29] [INFO] FPS: 79.601990
[2026-01-24 21:50:30] [INFO] FPS: 79.207921
[2026-01-24 21:50:31] [INFO] FPS: 79.601990
[2026-01-24 21:50:32] [INFO] FPS: 79.000000
[2026-01-24 21:50:34] [INFO] FPS: 79.000000
[2026-01-24 21:50:35] [INFO] FPS: 79.365079
[2026-01-24 21:50:36] [INFO] FPS: 80.039526
[2026-01-24 21:50:38] [INFO] FPS: 77.380952
[2026-01-24 21:50:39] [INFO] FPS: 81.000000
[2026-01-24 21:50:40] [INFO] FPS: 78.921079
[2026-01-24 21:50:41] [INFO] FPS: 77.227723
[2026-01-24 21:50:43] [INFO] FPS: 79.365079
[2026-01-24 21:50:44] [INFO] FPS: 79.129575
[2026-01-24 21:50:45] [INFO] FPS: 79.443893
[2026-01-24 21:50:46] [INFO] FPS: 79.920080
[2026-01-24 21:50:48] [INFO] FPS: 79.365079
[2026-01-24 21:50:49] [INFO] FPS: 79.920080
[2026-01-24 21:50:50] [INFO] FPS: 79.443893
[2026-01-24 21:50:51] [INFO] FPS: 78.295342
[2026-01-24 21:50:53] [INFO] FPS: 78.973346
[2026-01-24 21:50:54] [INFO] FPS: 80.000000
[2026-01-24 21:50:55] [INFO] FPS: 79.129575
[2026-01-24 21:50:57] [INFO] FPS: 75.471698
[2026-01-24 21:50:58] [INFO] FPS: 79.920080
[2026-01-24 21:50:59] [INFO] FPS: 77.534791
[2026-01-24 21:51:00] [INFO] FPS: 79.365079
[2026-01-24 21:51:02] [INFO] FPS: 79.681275
[2026-01-24 21:51:03] [INFO] FPS: 78.450844
[2026-01-24 21:51:04] [INFO] FPS: 79.000000
[2026-01-24 21:51:05] [INFO] FPS: 80.919081
[2026-01-24 21:51:07] [INFO] FPS: 80.277502
[2026-01-24 21:51:08] [INFO] FPS: 74.850299
[2026-01-24 21:51:09] [INFO] FPS: 80.838323
[2026-01-24 21:51:10] [INFO] FPS: 81.107814
[2026-01-24 21:51:12] [INFO] FPS: 77.832512
[2026-01-24 21:51:13] [INFO] FPS: 81.188119
[2026-01-24 21:51:14] [INFO] FPS: 81.429990
[2026-01-24 21:51:15] [INFO] FPS: 77.922078
[2026-01-24 21:51:17] [INFO] FPS: 81.268583
[2026-01-24 21:51:18] [INFO] FPS: 80.198020
[2026-01-24 21:51:19] [INFO] FPS: 81.592040
[2026-01-24 21:51:20] [INFO] FPS: 80.118694
[2026-01-24 21:51:22] [INFO] FPS: 80.919081
[2026-01-24 21:51:23] [INFO] FPS: 76.464747
[2026-01-24 21:51:24] [INFO] FPS: 79.920080
[2026-01-24 21:51:25] [INFO] FPS: 81.188119
[2026-01-24 21:51:27] [INFO] FPS: 77.075099
[2026-01-24 21:51:28] [INFO] FPS: 80.198020
[2026-01-24 21:51:29] [INFO] FPS: 80.677291
[2026-01-24 21:51:30] [INFO] FPS: 78.763709
[2026-01-24 21:51:32] [INFO] FPS: 79.207921
[2026-01-24 21:51:33] [INFO] FPS: 79.681275
[2026-01-24 21:51:34] [INFO] FPS: 77.380952
[2026-01-24 21:51:36] [INFO] FPS: 79.129575
[2026-01-24 21:51:37] [INFO] FPS: 79.365079
[2026-01-24 21:51:38] [INFO] FPS: 80.118694
[2026-01-24 21:51:39] [INFO] FPS: 79.207921
[2026-01-24 21:51:41] [INFO] FPS: 80.198020
[2026-01-24 21:51:42] [INFO] FPS: 77.689243
[2026-01-24 21:51:43] [INFO] FPS: 78.585462
[2026-01-24 21:51:44] [INFO] FPS: 78.528827
[2026-01-24 21:51:46] [INFO] FPS: 81.429990
[2026-01-24 21:51:47] [INFO] FPS: 81.000000
[2026-01-24 21:51:48] [INFO] FPS: 81.754736
[2026-01-24 21:51:49] [INFO] FPS: 79.000000
[2026-01-24 21:51:51] [INFO] FPS: 80.757727
[2026-01-24 21:51:52] [INFO] FPS: 82.178218
[2026-01-24 21:51:53] [INFO] FPS: 80.757727
[2026-01-24 21:51:54] [INFO] FPS: 82.000000
[2026-01-24 21:51:56] [INFO] FPS: 80.000000
[2026-01-24 21:51:57] [INFO] FPS: 79.522863
[2026-01-24 21:51:58] [INFO] FPS: 80.757727
[2026-01-24 21:51:59] [INFO] FPS: 79.920080
[2026-01-24 21:52:01] [INFO] FPS: 80.000000
[2026-01-24 21:52:02] [INFO] FPS: 82.000000
[2026-01-24 21:52:03] [INFO] FPS: 79.051383
[2026-01-24 21:52:04] [INFO] FPS: 79.920080
[2026-01-24 21:52:06] [INFO] FPS: 79.443893
[2026-01-24 21:52:07] [INFO] FPS: 80.919081
[2026-01-24 21:52:08] [INFO] FPS: 79.443893
[2026-01-24 21:52:09] [INFO] FPS: 75.848303
[2026-01-24 21:52:11] [INFO] FPS: 79.129575
[2026-01-24 21:52:12] [INFO] FPS: 79.522863
[2026-01-24 21:52:13] [INFO] FPS: 78.842315
[2026-01-24 21:52:14] [INFO] FPS: 79.760718
[2026-01-24 21:52:16] [INFO] FPS: 81.673307
[2026-01-24 21:52:17] [INFO] FPS: 81.107814
[2026-01-24 21:52:18] [INFO] FPS: 80.919081
[2026-01-24 21:52:19] [INFO] FPS: 82.341270
[2026-01-24 21:52:20] [INFO] FPS: 80.436941
[2026-01-24 21:52:22] [INFO] FPS: 78.373016
[2026-01-24 21:52:23] [INFO] FPS: 80.838323
[2026-01-24 21:52:24] [INFO] FPS: 80.039526
[2026-01-24 21:52:25] [INFO] FPS: 81.188119
[2026-01-24 21:52:27] [INFO] FPS: 79.920080
[2026-01-24 21:52:28] [INFO] FPS: 79.286422
[2026-01-24 21:52:29] [INFO] FPS: 80.277502
[2026-01-24 21:52:30] [INFO] FPS: 80.838323
[2026-01-24 21:52:32] [INFO] FPS: 82.834331
[2026-01-24 21:52:33] [INFO] FPS: 81.349206
[2026-01-24 21:52:33] [INFO] Interrupt signal received. Shutting down...
[2026-01-24 21:52:33] [INFO] Shutting down...
[2026-01-24 21:52:33] [INFO] Stopped camera stream: front_camera
[2026-01-24 21:52:33] [INFO] MJPEG stream 'front_camera' stopped
[2026-01-24 21:52:33] [INFO] Network streamer stopped
[2026-01-24 21:52:33] [DEBUG] MJPEG client disconnected from front_camera
[2026-01-24 21:52:34] [INFO] Web server stopped
[2026-01-24 21:52:34] [INFO] Final performance statistics:
[2026-01-24 21:52:34] [INFO] System shutdown complete. Processed 10736 frames.
[2026-01-25 16:51:21] [INFO] === AprilTag Multi-Camera Vision System ===
[2026-01-25 16:51:21] [INFO] Starting advanced vision system with fusion and networking...
[2026-01-25 16:51:21] [INFO] Field layout loaded: /Users/sim/Projects/aprilTagDetector/Layout/2025-official.json
[2026-01-25 16:51:21] [INFO] Added camera: front_camera
[2026-01-25 16:51:21] [INFO] Network streamer started on 127.0.0.1:5800
[2026-01-25 16:51:21] [INFO] Network streamer started on UDP port 5800
[2026-01-25 16:51:21] [INFO] NetworkTables disabled in config
[2026-01-25 16:51:21] [INFO] Added MJPEG stream: front_camera on port 8081
[2026-01-25 16:51:21] [INFO] MJPEG stream 'front_camera' started on port 8081
[2026-01-25 16:51:21] [INFO] MJPEG streams started
[2026-01-25 16:51:21] [INFO] Web server started on port 8080
[2026-01-25 16:51:21] [INFO] Web interface available at http://localhost:8080
[2026-01-25 16:51:22] [INFO] Started camera stream: front_camera
[2026-01-25 16:51:22] [INFO] All cameras started
[2026-01-25 16:51:22] [INFO] System running. Press Ctrl+C to exit.
[2026-01-25 16:51:22] [INFO] Web interface: http://localhost:8080
[2026-01-25 16:51:23] [INFO] FPS: 80.838323
[2026-01-25 16:51:25] [INFO] FPS: 81.000000
[2026-01-25 16:51:30] [INFO] === AprilTag Multi-Camera Vision System ===
[2026-01-25 16:51:30] [INFO] Starting advanced vision system with fusion and networking...
[2026-01-25 16:51:30] [INFO] Field layout loaded: /Users/sim/Projects/aprilTagDetector/Layout/2025-official.json
[2026-01-25 16:51:30] [INFO] Added camera: front_camera
[2026-01-25 16:51:30] [INFO] Network streamer started on 127.0.0.1:5800
[2026-01-25 16:51:30] [INFO] Network streamer started on UDP port 5800
[2026-01-25 16:51:30] [INFO] NetworkTables disabled in config
[2026-01-25 16:51:30] [INFO] Added MJPEG stream: front_camera on port 8081
[2026-01-25 16:51:30] [INFO] MJPEG stream 'front_camera' started on port 8081
[2026-01-25 16:51:30] [INFO] MJPEG streams started
[2026-01-25 16:51:30] [INFO] Web server started on port 8080
[2026-01-25 16:51:30] [INFO] Web interface available at http://localhost:8080
[2026-01-25 16:51:32] [INFO] Started camera stream: front_camera
[2026-01-25 16:51:32] [INFO] All cameras started
[2026-01-25 16:51:32] [INFO] System running. Press Ctrl+C to exit.
[2026-01-25 16:51:32] [INFO] Web interface: http://localhost:8080
[2026-01-25 16:51:33] [INFO] FPS: 81.349206
[2026-01-25 16:51:35] [INFO] FPS: 80.677291
[2026-01-25 16:51:36] [INFO] FPS: 81.429990
[2026-01-25 16:51:37] [INFO] FPS: 80.838323
[2026-01-25 16:51:38] [INFO] FPS: 80.919081
[2026-01-25 16:51:39] [INFO] FPS: 80.436941
[2026-01-25 16:51:40] [DEBUG] MJPEG client connected to front_camera
[2026-01-25 16:51:41] [INFO] FPS: 74.701195
[2026-01-25 16:51:42] [INFO] FPS: 77.766700
[2026-01-25 16:51:43] [INFO] FPS: 80.118694
[2026-01-25 16:51:45] [INFO] FPS: 80.357143
[2026-01-25 16:51:46] [INFO] FPS: 79.760718
[2026-01-25 16:51:47] [INFO] FPS: 79.840319
[2026-01-25 16:51:48] [INFO] FPS: 78.842315
[2026-01-25 16:51:50] [INFO] FPS: 79.522863
[2026-01-25 16:51:51] [INFO] FPS: 81.268583
[2026-01-25 16:51:52] [INFO] FPS: 79.443893
[2026-01-25 16:51:53] [INFO] FPS: 80.757727
[2026-01-25 16:51:55] [INFO] FPS: 80.000000
[2026-01-25 16:51:56] [INFO] FPS: 79.601990
[2026-01-25 16:51:57] [INFO] FPS: 78.921079
[2026-01-25 16:51:58] [INFO] FPS: 80.516899
[2026-01-25 16:52:00] [INFO] FPS: 78.217822
[2026-01-25 16:52:01] [INFO] FPS: 78.763709
[2026-01-25 16:52:02] [INFO] FPS: 80.000000
[2026-01-25 16:52:03] [INFO] FPS: 78.763709
[2026-01-25 16:52:05] [INFO] FPS: 79.522863
[2026-01-25 16:52:06] [INFO] FPS: 79.681275
[2026-01-25 16:52:07] [INFO] FPS: 79.760718
[2026-01-25 16:52:08] [INFO] FPS: 78.685259
[2026-01-25 16:52:10] [INFO] FPS: 80.277502
[2026-01-25 16:52:11] [INFO] FPS: 80.000000
[2026-01-25 16:52:12] [INFO] FPS: 80.919081
[2026-01-25 16:55:18] [INFO] === AprilTag Multi-Camera Vision System ===
[2026-01-25 16:55:18] [INFO] Starting advanced vision system with fusion and networking...
[2026-01-25 16:55:18] [INFO] Field layout loaded: /Users/sim/Projects/aprilTagDetector/Layout/2025-official.json
[2026-01-25 16:55:18] [INFO] Added camera: front_camera
[2026-01-25 16:55:18] [INFO] Network streamer started on 127.0.0.1:5800
[2026-01-25 16:55:18] [INFO] Network streamer started on UDP port 5800
[2026-01-25 16:55:18] [INFO] Attempting to start NetworkTables...
[2026-01-25 16:55:18] [INFO] Starting NetworkTables initialization (non-blocking)...
[2026-01-25 16:55:18] [INFO] Starting NetworkTables server on port 5810
[2026-01-25 16:55:18] [INFO] NetworkTables publishers initialized
[2026-01-25 16:55:18] [INFO] NetworkTables publisher initialized (connecting in background)
[2026-01-25 16:55:18] [INFO] NetworkTables server started on port 5810
[2026-01-25 16:55:18] [INFO] Added MJPEG stream: front_camera on port 8081
[2026-01-25 16:55:18] [INFO] MJPEG stream 'front_camera' started on port 8081
[2026-01-25 16:55:18] [INFO] MJPEG streams started
[2026-01-25 16:55:18] [INFO] Web server started on port 8080
[2026-01-25 16:55:18] [INFO] Web interface available at http://localhost:8080
[2026-01-25 16:55:19] [INFO] Started camera stream: front_camera
[2026-01-25 16:55:19] [INFO] All cameras started
[2026-01-25 16:55:19] [INFO] System running. Press Ctrl+C to exit.
[2026-01-25 16:55:19] [INFO] Web interface: http://localhost:8080
[2026-01-25 16:55:19] [INFO] NetworkTables publishing to table: Vision
[2026-01-25 16:55:33] [DEBUG] MJPEG client connected to front_camera
[2026-01-25 16:55:37] [DEBUG] MJPEG client connected to front_camera
[2026-01-25 16:55:37] [DEBUG] MJPEG client disconnected from front_camera
[2026-01-25 16:55:48] [DEBUG] MJPEG client connected to front_camera
[2026-01-25 16:55:48] [DEBUG] MJPEG client disconnected from front_camera
[2026-01-25 16:56:02] [INFO] Interrupt signal received. Shutting down...
[2026-01-25 17:14:03] [INFO] === AprilTag Multi-Camera Vision System ===
[2026-01-25 17:14:03] [INFO] Starting advanced vision system with fusion and networking...
[2026-01-25 17:14:03] [INFO] Field layout loaded: /Users/sim/Projects/aprilTagDetector/Layout/2025-official.json
[2026-01-25 17:14:03] [INFO] Added camera: front_camera
[2026-01-25 17:14:03] [INFO] Network streamer started on 127.0.0.1:5800
[2026-01-25 17:14:03] [INFO] Network streamer started on UDP port 5800
[2026-01-25 17:14:03] [INFO] Attempting to start NetworkTables...
[2026-01-25 17:14:03] [INFO] Starting NetworkTables initialization (non-blocking)...
[2026-01-25 17:14:03] [INFO] Starting NetworkTables server on port 5810
[2026-01-25 17:14:03] [INFO] NetworkTables publishers initialized
[2026-01-25 17:14:03] [INFO] NetworkTables publisher initialized (connecting in background)
[2026-01-25 17:14:04] [WARNING] NetworkTables started but not yet connected - will retry in background
[2026-01-25 17:14:04] [INFO] NetworkTables server started on port 5810
[2026-01-25 17:14:04] [INFO] Added MJPEG stream: front_camera on port 8081
[2026-01-25 17:14:04] [INFO] MJPEG stream 'front_camera' started on port 8081
[2026-01-25 17:14:04] [INFO] MJPEG streams started
[2026-01-25 17:14:04] [INFO] Web server started on port 8080
[2026-01-25 17:14:04] [INFO] Web interface available at http://localhost:8080
[2026-01-25 17:14:07] [INFO] Started camera stream: front_camera
[2026-01-25 17:14:07] [INFO] All cameras started
[2026-01-25 17:14:07] [INFO] System running. Press Ctrl+C to exit.
[2026-01-25 17:14:07] [INFO] Web interface: http://localhost:8080
[2026-01-25 17:14:07] [INFO] NetworkTables publishing to table: Vision
[2026-01-25 17:14:07] [INFO] No valid detections | NT: Disconnected
[2026-01-25 17:14:20] [DEBUG] MJPEG client connected to front_camera
[2026-01-25 17:14:23] [DEBUG] MJPEG client connected to front_camera
[2026-01-25 17:14:23] [DEBUG] MJPEG client disconnected from front_camera
[2026-01-25 17:14:32] [INFO] Interrupt signal received. Shutting down...
[2026-01-25 17:17:27] [INFO] === AprilTag Multi-Camera Vision System ===
[2026-01-25 17:17:27] [INFO] Starting advanced vision system with fusion and networking...
[2026-01-25 17:17:27] [INFO] Field layout loaded: /Users/sim/Projects/aprilTagDetector/Layout/2025-official.json
[2026-01-25 17:17:27] [INFO] Added camera: front_camera
[2026-01-25 17:17:27] [INFO] Network streamer started on 127.0.0.1:5800
[2026-01-25 17:17:27] [INFO] Network streamer started on UDP port 5800
[2026-01-25 17:17:27] [INFO] Attempting to start NetworkTables...
[2026-01-25 17:17:27] [INFO] Starting NetworkTables initialization (non-blocking)...
[2026-01-25 17:17:27] [INFO] Starting NetworkTables server on port 5810
[2026-01-25 17:17:27] [INFO] NetworkTables publishers initialized
[2026-01-25 17:17:27] [INFO] NetworkTables publisher initialized (connecting in background)
[2026-01-25 17:17:28] [WARNING] NetworkTables started but not yet connected - will retry in background
[2026-01-25 17:17:28] [INFO] NetworkTables server started on port 5810
[2026-01-25 17:17:28] [INFO] Added MJPEG stream: front_camera on port 8081
[2026-01-25 17:17:28] [INFO] MJPEG stream 'front_camera' started on port 8081
[2026-01-25 17:17:28] [INFO] MJPEG streams started
[2026-01-25 17:17:28] [INFO] Web server started on port 8080
[2026-01-25 17:17:28] [INFO] Web interface available at http://localhost:8080
[2026-01-25 17:17:29] [INFO] Started camera stream: front_camera
[2026-01-25 17:17:29] [INFO] All cameras started
[2026-01-25 17:17:29] [INFO] System running. Press Ctrl+C to exit.
[2026-01-25 17:17:29] [INFO] Web interface: http://localhost:8080
[2026-01-25 17:17:29] [INFO] NetworkTables publishing to table: Vision
[2026-01-25 17:17:29] [INFO] No valid detections | NT: Disconnected
[2026-01-25 17:17:43] [DEBUG] MJPEG client connected to front_camera
[2026-01-25 17:18:50] [INFO] === AprilTag Multi-Camera Vision System ===
[2026-01-25 17:18:50] [INFO] Starting advanced vision system with fusion and networking...
[2026-01-25 17:18:50] [INFO] Field layout loaded: /Users/sim/Projects/aprilTagDetector/Layout/2025-official.json
[2026-01-25 17:18:50] [INFO] Added camera: front_camera
[2026-01-25 17:18:50] [INFO] Network streamer started on 127.0.0.1:5800
[2026-01-25 17:18:50] [INFO] Network streamer started on UDP port 5800
[2026-01-25 17:18:50] [INFO] NetworkTables disabled in config
[2026-01-25 17:18:50] [INFO] Added MJPEG stream: front_camera on port 8081
[2026-01-25 17:18:50] [INFO] MJPEG stream 'front_camera' started on port 8081
[2026-01-25 17:18:50] [INFO] MJPEG streams started
[2026-01-25 17:18:50] [INFO] Web server started on port 8080
[2026-01-25 17:18:50] [INFO] Web interface available at http://localhost:8080
[2026-01-25 17:18:52] [INFO] Started camera stream: front_camera
[2026-01-25 17:18:52] [INFO] All cameras started
[2026-01-25 17:18:52] [INFO] System running. Press Ctrl+C to exit.
[2026-01-25 17:18:52] [INFO] Web interface: http://localhost:8080
[2026-01-25 17:18:52] [INFO] No valid detections | NT: Disconnected
[2026-01-25 17:18:53] [INFO] FPS: 81.673307
[2026-01-25 17:18:54] [INFO] FPS: 80.357143
[2026-01-25 17:18:56] [INFO] FPS: 80.118694
[2026-01-25 17:18:56] [INFO] No valid detections | NT: Disconnected
[2026-01-25 17:18:57] [INFO] FPS: 81.429990
[2026-01-25 17:18:58] [INFO] FPS: 81.510934
[2026-01-25 17:18:59] [INFO] FPS: 81.836327
[2026-01-25 17:18:59] [INFO] No valid detections | NT: Disconnected
[2026-01-25 17:19:01] [INFO] FPS: 80.919081
[2026-01-25 17:19:01] [DEBUG] MJPEG client connected to front_camera
[2026-01-25 17:19:02] [INFO] FPS: 82.259663
[2026-01-25 17:19:03] [INFO] FPS: 79.920080
[2026-01-25 17:19:03] [INFO] No valid detections | NT: Disconnected
[2026-01-25 17:19:04] [INFO] FPS: 79.000000
[2026-01-25 17:19:06] [INFO] FPS: 79.207921
[2026-01-25 17:19:07] [INFO] FPS: 78.373016
[2026-01-25 17:19:07] [INFO] No valid detections | NT: Disconnected
[2026-01-25 17:19:08] [INFO] FPS: 79.840319
[2026-01-25 17:19:09] [INFO] FPS: 79.920080
[2026-01-25 17:19:10] [INFO] Interrupt signal received. Shutting down...
[2026-01-25 17:19:10] [INFO] Shutting down...
[2026-01-25 17:19:10] [INFO] Stopped camera stream: front_camera
[2026-01-25 17:19:10] [INFO] MJPEG stream 'front_camera' stopped
[2026-01-25 17:19:10] [INFO] Network streamer stopped
[2026-01-25 17:19:10] [DEBUG] MJPEG client disconnected from front_camera
[2026-01-25 17:19:10] [INFO] Web server stopped
[2026-01-25 17:19:10] [INFO] Final performance statistics:
[2026-01-25 17:19:10] [INFO] System shutdown complete. Processed 1457 frames.
[2026-01-25 17:19:21] [INFO] === AprilTag Multi-Camera Vision System ===
[2026-01-25 17:19:21] [INFO] Starting advanced vision system with fusion and networking...
[2026-01-25 17:19:21] [INFO] Field layout loaded: /Users/sim/Projects/aprilTagDetector/Layout/2025-official.json
[2026-01-25 17:19:21] [INFO] Added camera: front_camera
[2026-01-25 17:19:21] [INFO] Network streamer started on 127.0.0.1:5800
[2026-01-25 17:19:21] [INFO] Network streamer started on UDP port 5800
[2026-01-25 17:19:21] [INFO] NetworkTables disabled in config
[2026-01-25 17:19:21] [INFO] Added MJPEG stream: front_camera on port 8081
[2026-01-25 17:19:21] [INFO] MJPEG stream 'front_camera' started on port 8081
[2026-01-25 17:19:21] [INFO] MJPEG streams started
[2026-01-25 17:19:21] [INFO] Web server started on port 8080
[2026-01-25 17:19:21] [INFO] Web interface available at http://localhost:8080
[2026-01-25 17:19:23] [INFO] Started camera stream: front_camera
[2026-01-25 17:19:23] [INFO] All cameras started
[2026-01-25 17:19:23] [INFO] System running. Press Ctrl+C to exit.
[2026-01-25 17:19:23] [INFO] Web interface: http://localhost:8080
[2026-01-25 17:19:23] [INFO] No valid detections | NT: Disconnected
[2026-01-25 17:19:24] [INFO] FPS: 82.000000
[2026-01-25 17:19:25] [INFO] FPS: 80.000000
[2026-01-25 17:19:26] [INFO] FPS: 80.597015
[2026-01-25 17:19:26] [INFO] No valid detections | NT: Disconnected
[2026-01-25 17:19:27] [DEBUG] MJPEG client connected to front_camera
[2026-01-25 17:19:27] [INFO] FPS: 79.522863
[2026-01-25 17:19:29] [INFO] FPS: 80.757727
[2026-01-25 17:19:30] [INFO] FPS: 80.039526
[2026-01-25 17:19:30] [INFO] No valid detections | NT: Disconnected
[2026-01-25 17:19:31] [INFO] FPS: 76.846307
[2026-01-25 17:19:33] [INFO] FPS: 79.601990
[2026-01-25 17:19:34] [INFO] FPS: 81.107814
[2026-01-25 17:19:34] [INFO] No valid detections | NT: Disconnected
[2026-01-25 17:19:35] [INFO] FPS: 79.443893
[2026-01-25 17:19:36] [INFO] FPS: 80.436941
[2026-01-25 17:19:37] [INFO] FPS: 80.838323
[2026-01-25 17:19:37] [INFO] No valid detections | NT: Disconnected
[2026-01-25 17:19:39] [INFO] FPS: 80.838323
[2026-01-25 17:19:40] [INFO] FPS: 80.838323
[2026-01-25 17:19:41] [INFO] FPS: 80.838323
[2026-01-25 17:19:41] [INFO] No valid detections | NT: Disconnected
[2026-01-25 17:19:42] [INFO] FPS: 81.429990
[2026-01-25 17:19:44] [INFO] FPS: 81.592040
[2026-01-25 17:19:45] [INFO] FPS: 80.118694
[2026-01-25 17:19:45] [INFO] No valid detections | NT: Disconnected
[2026-01-25 17:19:46] [INFO] FPS: 81.836327
[2026-01-25 17:19:47] [INFO] FPS: 82.178218
[2026-01-25 17:19:49] [INFO] FPS: 80.000000
[2026-01-25 17:19:49] [INFO] No valid detections | NT: Disconnected
[2026-01-25 17:19:50] [INFO] FPS: 81.510934
[2026-01-25 17:19:51] [INFO] FPS: 81.673307
[2026-01-25 17:19:52] [INFO] FPS: 80.757727
[2026-01-25 17:19:52] [INFO] No valid detections | NT: Disconnected
[2026-01-25 17:19:54] [INFO] FPS: 81.107814
[2026-01-25 17:19:55] [INFO] FPS: 80.677291
[2026-01-25 17:19:56] [INFO] FPS: 79.522863
[2026-01-25 17:19:56] [INFO] No valid detections | NT: Disconnected
[2026-01-25 17:19:57] [INFO] FPS: 81.027668
[2026-01-25 17:19:59] [INFO] Interrupt signal received. Shutting down...
[2026-01-25 17:19:59] [INFO] Shutting down...
[2026-01-25 17:19:59] [INFO] Stopped camera stream: front_camera
[2026-01-25 17:19:59] [INFO] MJPEG stream 'front_camera' stopped
[2026-01-25 17:19:59] [INFO] Network streamer stopped
[2026-01-25 17:19:59] [DEBUG] MJPEG client disconnected from front_camera
[2026-01-25 17:19:59] [INFO] Web server stopped
[2026-01-25 17:19:59] [INFO] Final performance statistics:
[2026-01-25 17:19:59] [INFO] System shutdown complete. Processed 2896 frames.
[2026-01-25 17:20:00] [INFO] === AprilTag Multi-Camera Vision System ===
[2026-01-25 17:20:00] [INFO] Starting advanced vision system with fusion and networking...
[2026-01-25 17:20:00] [INFO] Field layout loaded: /Users/sim/Projects/aprilTagDetector/Layout/2025-official.json
[2026-01-25 17:20:00] [INFO] Added camera: front_camera
[2026-01-25 17:20:00] [INFO] Network streamer started on 127.0.0.1:5800
[2026-01-25 17:20:00] [INFO] Network streamer started on UDP port 5800
[2026-01-25 17:20:00] [INFO] NetworkTables disabled in config
[2026-01-25 17:20:00] [INFO] Added MJPEG stream: front_camera on port 8081
[2026-01-25 17:20:00] [INFO] MJPEG stream 'front_camera' started on port 8081
[2026-01-25 17:20:00] [INFO] MJPEG streams started
[2026-01-25 17:20:00] [INFO] Web server started on port 8080
[2026-01-25 17:20:00] [INFO] Web interface available at http://localhost:8080
[2026-01-25 17:20:00] [INFO] Started camera stream: front_camera
[2026-01-25 17:20:00] [INFO] All cameras started
[2026-01-25 17:20:00] [INFO] System running. Press Ctrl+C to exit.
[2026-01-25 17:20:00] [INFO] Web interface: http://localhost:8080
[2026-01-25 17:20:00] [INFO] No valid detections | NT: Disconnected
[2026-01-25 17:20:02] [INFO] FPS: 80.597015
[2026-01-25 17:20:03] [INFO] FPS: 80.118694
[2026-01-25 17:20:04] [INFO] FPS: 80.516899
[2026-01-25 17:20:04] [INFO] No valid detections | NT: Disconnected
[2026-01-25 17:20:05] [INFO] FPS: 80.677291
[2026-01-25 17:20:07] [INFO] FPS: 72.278134
[2026-01-25 17:20:08] [INFO] FPS: 79.920080
[2026-01-25 17:20:08] [INFO] No valid detections | NT: Disconnected
[2026-01-25 17:20:09] [DEBUG] MJPEG client connected to front_camera
[2026-01-25 17:20:09] [INFO] FPS: 80.000000
[2026-01-25 17:20:10] [INFO] FPS: 79.286422
[2026-01-25 17:20:12] [INFO] FPS: 78.373016
[2026-01-25 17:20:12] [INFO] No valid detections | NT: Disconnected
[2026-01-25 17:20:13] [INFO] FPS: 80.597015
[2026-01-25 17:20:13] [INFO] Interrupt signal received. Shutting down...
[2026-01-25 17:20:13] [INFO] Shutting down...
[2026-01-25 17:20:13] [INFO] Stopped camera stream: front_camera
[2026-01-25 17:20:13] [INFO] MJPEG stream 'front_camera' stopped
[2026-01-25 17:20:13] [INFO] Network streamer stopped
[2026-01-25 17:20:13] [INFO] Web server stopped
[2026-01-25 17:20:13] [INFO] Final performance statistics:
[2026-01-25 17:20:13] [INFO] System shutdown complete. Processed 1032 frames.
[2026-01-25 17:20:13] [DEBUG] MJPEG client disconnected from 
[2026-01-25 17:21:43] [INFO] === AprilTag Multi-Camera Vision System ===
[2026-01-25 17:21:43] [INFO] Starting advanced vision system with fusion and networking...
[2026-01-25 17:21:43] [INFO] Field layout loaded: /Users/sim/Projects/aprilTagDetector/Layout/2025-official.json
[2026-01-25 17:21:43] [INFO] Added camera: front_camera
[2026-01-25 17:21:43] [INFO] Network streamer started on 127.0.0.1:5800
[2026-01-25 17:21:43] [INFO] Network streamer started on UDP port 5800
[2026-01-25 17:21:43] [INFO] NetworkTables disabled in config
[2026-01-25 17:21:43] [INFO] Added MJPEG stream: front_camera on port 8081
[2026-01-25 17:21:43] [INFO] MJPEG stream 'front_camera' started on port 8081
[2026-01-25 17:21:43] [INFO] MJPEG streams started
[2026-01-25 17:21:43] [INFO] Web server started on port 8080
[2026-01-25 17:21:43] [INFO] Web interface available at http://localhost:8080
[2026-01-25 17:21:45] [INFO] Started camera stream: front_camera
[2026-01-25 17:21:45] [INFO] All cameras started
[2026-01-25 17:21:45] [INFO] System running. Press Ctrl+C to exit.
[2026-01-25 17:21:45] [INFO] Web interface: http://localhost:8080
[2026-01-25 17:21:45] [INFO] No valid detections | NT: Disconnected
[2026-01-25 17:21:46] [INFO] FPS: 81.268583
[2026-01-25 17:21:47] [INFO] FPS: 79.601990
[2026-01-25 17:21:48] [INFO] FPS: 81.000000
[2026-01-25 17:21:48] [INFO] No valid detections | NT: Disconnected
[2026-01-25 17:21:50] [INFO] FPS: 80.919081
[2026-01-25 17:21:51] [INFO] FPS: 81.107814
[2026-01-25 17:21:52] [INFO] FPS: 80.757727
[2026-01-25 17:21:52] [INFO] No valid detections | NT: Disconnected
[2026-01-25 17:21:53] [DEBUG] MJPEG client connected to front_camera
[2026-01-25 17:21:53] [INFO] FPS: 74.000000
[2026-01-25 17:21:55] [INFO] FPS: 81.188119
[2026-01-25 17:21:56] [INFO] FPS: 80.436941
[2026-01-25 17:21:56] [INFO] No valid detections | NT: Disconnected
[2026-01-25 17:21:57] [INFO] FPS: 78.921079
[2026-01-25 17:21:58] [INFO] FPS: 82.341270
[2026-01-25 17:22:00] [INFO] FPS: 80.757727
[2026-01-25 17:22:00] [INFO] No valid detections | NT: Disconnected
[2026-01-25 17:22:01] [INFO] FPS: 80.357143
[2026-01-25 17:22:02] [INFO] FPS: 78.921079
[2026-01-25 17:22:03] [INFO] FPS: 80.118694
[2026-01-25 17:22:03] [INFO] No valid detections | NT: Disconnected
[2026-01-25 17:22:05] [INFO] FPS: 81.107814
[2026-01-25 17:22:06] [INFO] FPS: 79.522863
[2026-01-25 17:22:07] [INFO] FPS: 80.000000
[2026-01-25 17:22:07] [INFO] No valid detections | NT: Disconnected
[2026-01-25 17:22:08] [INFO] FPS: 80.919081
[2026-01-25 17:22:10] [INFO] FPS: 79.760718
[2026-01-25 17:22:11] [INFO] FPS: 80.118694
[2026-01-25 17:22:11] [INFO] No valid detections | NT: Disconnected
[2026-01-25 17:22:12] [INFO] FPS: 80.919081
[2026-01-25 17:22:13] [INFO] FPS: 80.039526
[2026-01-25 17:22:15] [INFO] FPS: 80.516899
[2026-01-25 17:22:15] [INFO] No valid detections | NT: Disconnected
[2026-01-25 17:22:16] [INFO] FPS: 80.677291
[2026-01-25 17:22:17] [INFO] FPS: 78.217822
[2026-01-25 17:22:18] [INFO] FPS: 79.840319
[2026-01-25 17:22:18] [INFO] No valid detections | NT: Disconnected
[2026-01-25 17:22:20] [INFO] FPS: 80.838323
[2026-01-25 17:22:21] [INFO] FPS: 76.620825
[2026-01-25 17:22:22] [INFO] Interrupt signal received. Shutting down...
[2026-01-25 17:22:22] [INFO] Shutting down...
[2026-01-25 17:22:22] [INFO] Stopped camera stream: front_camera
[2026-01-25 17:22:22] [INFO] MJPEG stream 'front_camera' stopped
[2026-01-25 17:22:22] [DEBUG] MJPEG client disconnected from front_camera
[2026-01-25 17:22:22] [INFO] Network streamer stopped
[2026-01-25 17:22:22] [INFO] Web server stopped
[2026-01-25 17:22:22] [INFO] Final performance statistics:
[2026-01-25 17:22:22] [INFO] System shutdown complete. Processed 2977 frames.
[2026-01-25 17:22:25] [INFO] === AprilTag Multi-Camera Vision System ===
[2026-01-25 17:22:25] [INFO] Starting advanced vision system with fusion and networking...
[2026-01-25 17:22:25] [INFO] Field layout loaded: /Users/sim/Projects/aprilTagDetector/Layout/2025-official.json
[2026-01-25 17:22:25] [INFO] Added camera: front_camera
[2026-01-25 17:22:25] [INFO] Network streamer started on 127.0.0.1:5800
[2026-01-25 17:22:25] [INFO] Network streamer started on UDP port 5800
[2026-01-25 17:22:25] [INFO] NetworkTables disabled in config
[2026-01-25 17:22:25] [INFO] Added MJPEG stream: front_camera on port 8081
[2026-01-25 17:22:25] [INFO] MJPEG stream 'front_camera' started on port 8081
[2026-01-25 17:22:25] [INFO] MJPEG streams started
[2026-01-25 17:22:25] [INFO] Web server started on port 8080
[2026-01-25 17:22:25] [INFO] Web interface available at http://localhost:8080
[2026-01-25 17:22:26] [INFO] Started camera stream: front_camera
[2026-01-25 17:22:26] [INFO] All cameras started
[2026-01-25 17:22:26] [INFO] System running. Press Ctrl+C to exit.
[2026-01-25 17:22:26] [INFO] Web interface: http://localhost:8080
[2026-01-25 17:22:26] [INFO] No valid detections | NT: Disconnected
[2026-01-25 17:22:28] [INFO] FPS: 80.757727
[2026-01-25 17:22:29] [INFO] FPS: 81.188119
[2026-01-25 17:22:30] [INFO] FPS: 74.850299
[2026-01-25 17:22:30] [INFO] No valid detections | NT: Disconnected
[2026-01-25 17:22:31] [INFO] FPS: 80.677291
[2026-01-25 17:22:32] [DEBUG] MJPEG client connected to front_camera
[2026-01-25 17:22:33] [INFO] FPS: 81.673307
[2026-01-25 17:22:34] [INFO] FPS: 80.919081
[2026-01-25 17:22:34] [INFO] No valid detections | NT: Disconnected
[2026-01-25 17:22:44] [INFO] === AprilTag Multi-Camera Vision System ===
[2026-01-25 17:22:44] [INFO] Starting advanced vision system with fusion and networking...
[2026-01-25 17:22:44] [INFO] Field layout loaded: /Users/sim/Projects/aprilTagDetector/Layout/2025-official.json
[2026-01-25 17:22:44] [INFO] Added camera: front_camera
[2026-01-25 17:22:44] [INFO] Network streamer started on 127.0.0.1:5800
[2026-01-25 17:22:44] [INFO] Network streamer started on UDP port 5800
[2026-01-25 17:22:44] [INFO] NetworkTables disabled in config
[2026-01-25 17:22:44] [INFO] Added MJPEG stream: front_camera on port 8081
[2026-01-25 17:22:44] [INFO] MJPEG stream 'front_camera' started on port 8081
[2026-01-25 17:22:44] [INFO] MJPEG streams started
[2026-01-25 17:22:44] [INFO] Web server started on port 8080
[2026-01-25 17:22:44] [INFO] Web interface available at http://localhost:8080
[2026-01-25 17:22:46] [INFO] Started camera stream: front_camera
[2026-01-25 17:22:46] [INFO] All cameras started
[2026-01-25 17:22:46] [INFO] System running. Press Ctrl+C to exit.
[2026-01-25 17:22:46] [INFO] Web interface: http://localhost:8080
[2026-01-25 17:22:46] [INFO] No valid detections | NT: Disconnected
[2026-01-25 17:22:47] [INFO] FPS: 82.259663
[2026-01-25 17:22:48] [INFO] FPS: 80.277502
[2026-01-25 17:22:50] [INFO] FPS: 80.118694
[2026-01-25 17:22:50] [INFO] No valid detections | NT: Disconnected
[2026-01-25 17:22:50] [INFO] Interrupt signal received. Shutting down...
[2026-01-25 17:22:50] [INFO] Shutting down...
[2026-01-25 17:22:50] [INFO] Stopped camera stream: front_camera
[2026-01-25 17:22:50] [INFO] MJPEG stream 'front_camera' stopped
[2026-01-25 17:22:50] [INFO] Network streamer stopped
[2026-01-25 17:22:50] [INFO] Web server stopped
[2026-01-25 17:22:50] [INFO] Final performance statistics:
[2026-01-25 17:22:50] [INFO] System shutdown complete. Processed 328 frames.
[2026-01-25 17:27:26] [INFO] === AprilTag Multi-Camera Vision System ===
[2026-01-25 17:27:26] [INFO] Starting advanced vision system with fusion and networking...
[2026-01-25 17:27:26] [INFO] Field layout loaded: /Users/sim/Projects/aprilTagDetector/Layout/2025-official.json
[2026-01-25 17:27:26] [INFO] Added camera: front_camera
[2026-01-25 17:27:26] [INFO] Network streaming disabled in config
[2026-01-25 17:27:26] [INFO] NetworkTables disabled in config
[2026-01-25 17:27:26] [INFO] MJPEG streaming disabled (visualization off or storeFrames = false)
[2026-01-25 17:27:26] [INFO] Web server disabled in config
[2026-01-25 17:27:27] [INFO] Started camera stream: front_camera
[2026-01-25 17:27:27] [INFO] All cameras started
[2026-01-25 17:27:27] [INFO] System running. Press Ctrl+C to exit.
[2026-01-25 17:27:27] [INFO] No valid detections | NT: Disconnected
[2026-01-25 17:27:29] [INFO] FPS: 81.673307
[2026-01-25 17:27:30] [INFO] FPS: 83.168317
[2026-01-25 17:27:31] [INFO] FPS: 83.086053
[2026-01-25 17:27:31] [INFO] No valid detections | NT: Disconnected
[2026-01-25 17:27:32] [INFO] FPS: 83.000000
[2026-01-25 17:27:33] [INFO] FPS: 82.341270
[2026-01-25 17:27:35] [INFO] FPS: 80.597015
[2026-01-25 17:27:35] [INFO] No valid detections | NT: Disconnected
[2026-01-25 17:27:36] [INFO] FPS: 82.423039
[2026-01-25 17:27:37] [INFO] FPS: 82.096934
[2026-01-25 17:27:38] [INFO] FPS: 82.015810
[2026-01-25 17:27:38] [INFO] No valid detections | NT: Disconnected
[2026-01-25 17:27:40] [INFO] FPS: 81.836327
[2026-01-25 17:27:41] [INFO] FPS: 81.268583
[2026-01-25 17:27:42] [INFO] FPS: 81.673307
[2026-01-25 17:27:42] [INFO] No valid detections | NT: Disconnected
[2026-01-25 17:27:43] [INFO] FPS: 81.673307
[2026-01-25 17:27:44] [INFO] FPS: 81.592040
[2026-01-25 17:27:46] [INFO] FPS: 81.836327
[2026-01-25 17:27:46] [INFO] No valid detections | NT: Disconnected
[2026-01-25 17:27:47] [INFO] FPS: 81.349206
[2026-01-25 17:27:48] [INFO] FPS: 81.592040
[2026-01-25 17:27:49] [INFO] FPS: 80.919081
[2026-01-25 17:27:49] [INFO] No valid detections | NT: Disconnected
[2026-01-25 17:27:51] [INFO] FPS: 81.592040
[2026-01-25 17:27:52] [INFO] FPS: 82.341270
[2026-01-25 17:27:53] [INFO] FPS: 79.601990
[2026-01-25 17:27:53] [INFO] No valid detections | NT: Disconnected
[2026-01-25 17:27:54] [INFO] FPS: 83.168317
[2026-01-25 17:27:55] [INFO] FPS: 79.681275
[2026-01-25 17:27:57] [INFO] FPS: 81.510934
[2026-01-25 17:27:57] [INFO] No valid detections | NT: Disconnected
[2026-01-25 17:27:58] [INFO] FPS: 81.836327
[2026-01-25 17:27:59] [INFO] FPS: 82.751745
[2026-01-25 17:28:00] [INFO] FPS: 81.673307
[2026-01-25 17:28:00] [INFO] No valid detections | NT: Disconnected
[2026-01-25 17:28:02] [INFO] FPS: 83.499006
[2026-01-25 17:28:03] [INFO] FPS: 81.918082
[2026-01-25 17:28:04] [INFO] FPS: 83.168317
[2026-01-25 17:28:04] [INFO] No valid detections | NT: Disconnected
[2026-01-25 17:28:05] [INFO] FPS: 84.241824
[2026-01-25 17:28:06] [INFO] FPS: 82.917083
[2026-01-25 17:28:08] [INFO] FPS: 82.423039
[2026-01-25 17:28:08] [INFO] No valid detections | NT: Disconnected
[2026-01-25 17:28:09] [INFO] FPS: 82.669323
[2026-01-25 17:28:10] [INFO] FPS: 81.673307
[2026-01-25 17:28:11] [INFO] FPS: 82.259663
[2026-01-25 17:28:11] [INFO] No valid detections | NT: Disconnected
[2026-01-25 17:28:13] [INFO] FPS: 75.000000
[2026-01-25 17:28:14] [INFO] FPS: 83.499006
[2026-01-25 17:28:15] [INFO] FPS: 84.075173
[2026-01-25 17:28:15] [INFO] No valid detections | NT: Disconnected
[2026-01-25 17:28:16] [INFO] FPS: 82.834331
[2026-01-25 17:28:17] [INFO] FPS: 84.000000
[2026-01-25 17:28:19] [INFO] FPS: 83.000000
[2026-01-25 17:28:19] [INFO] No valid detections | NT: Disconnected
[2026-01-25 17:28:20] [INFO] FPS: 82.751745
[2026-01-25 17:28:21] [INFO] FPS: 82.341270
[2026-01-25 17:28:22] [INFO] FPS: 81.836327
[2026-01-25 17:28:22] [INFO] No valid detections | NT: Disconnected
[2026-01-25 17:28:23] [INFO] FPS: 82.834331
[2026-01-25 17:28:25] [INFO] FPS: 83.916084
[2026-01-25 17:28:26] [INFO] FPS: 83.168317
[2026-01-25 17:28:26] [INFO] No valid detections | NT: Disconnected
[2026-01-25 17:28:27] [INFO] FPS: 83.416087
[2026-01-25 17:28:28] [INFO] FPS: 82.178218
[2026-01-25 17:28:29] [INFO] FPS: 84.325397
[2026-01-25 17:28:29] [INFO] No valid detections | NT: Disconnected
[2026-01-25 17:28:31] [INFO] FPS: 80.436941
[2026-01-25 17:28:31] [INFO] Interrupt signal received. Shutting down...
[2026-01-25 17:28:31] [INFO] Shutting down...
[2026-01-25 17:28:31] [INFO] Stopped camera stream: front_camera
[2026-01-25 17:28:31] [INFO] Final performance statistics:
[2026-01-25 17:28:31] [INFO] System shutdown complete. Processed 5201 frames.
[2026-01-25 17:28:32] [INFO] === AprilTag Multi-Camera Vision System ===
[2026-01-25 17:28:32] [INFO] Starting advanced vision system with fusion and networking...
[2026-01-25 17:28:32] [INFO] Field layout loaded: /Users/sim/Projects/aprilTagDetector/Layout/2025-official.json
[2026-01-25 17:28:32] [INFO] Added camera: front_camera
[2026-01-25 17:28:32] [INFO] Network streaming disabled in config
[2026-01-25 17:28:32] [INFO] Attempting to start NetworkTables...
[2026-01-25 17:28:32] [INFO] Starting NetworkTables initialization (non-blocking)...
[2026-01-25 17:28:32] [INFO] Starting NetworkTables server on port 5810
[2026-01-25 17:28:32] [INFO] NetworkTables publishers initialized
[2026-01-25 17:28:32] [INFO] NetworkTables publisher initialized (connecting in background)
[2026-01-25 17:28:33] [INFO] NetworkTables connected successfully
[2026-01-25 17:28:33] [INFO] NetworkTables server started on port 5810
[2026-01-25 17:28:33] [INFO] MJPEG streaming disabled (visualization off or storeFrames = false)
[2026-01-25 17:28:33] [INFO] Web server disabled in config
[2026-01-25 17:28:35] [INFO] Started camera stream: front_camera
[2026-01-25 17:28:35] [INFO] All cameras started
[2026-01-25 17:28:35] [INFO] System running. Press Ctrl+C to exit.
[2026-01-25 17:28:35] [INFO] NetworkTables publishing to table: Vision
[2026-01-25 17:28:35] [INFO] No valid detections | NT: Connected
[2026-01-25 17:29:25] [INFO] Interrupt signal received. Shutting down...
[2026-01-25 17:34:58] [INFO] === AprilTag Multi-Camera Vision System ===
[2026-01-25 17:34:58] [INFO] Starting advanced vision system with fusion and networking...
[2026-01-25 17:34:58] [INFO] Field layout loaded: /Users/sim/Projects/aprilTagDetector/Layout/2025-official.json
[2026-01-25 17:34:58] [INFO] Added camera: front_camera
[2026-01-25 17:34:58] [INFO] Network streaming disabled in config
[2026-01-25 17:34:58] [INFO] Attempting to start NetworkTables...
[2026-01-25 17:34:58] [INFO] Starting NetworkTables initialization (non-blocking)...
[2026-01-25 17:34:58] [INFO] Starting NetworkTables server on port 5810
[2026-01-25 17:34:58] [INFO] NetworkTables publishers initialized
[2026-01-25 17:34:58] [INFO] NetworkTables publisher initialized (connecting in background)
[2026-01-25 17:34:59] [INFO] NetworkTables connected successfully
[2026-01-25 17:34:59] [INFO] NetworkTables server started on port 5810
[2026-01-25 17:34:59] [INFO] MJPEG streaming disabled (visualization off or storeFrames = false)
[2026-01-25 17:34:59] [INFO] Web server disabled in config
[2026-01-25 17:35:01] [INFO] Started camera stream: front_camera
[2026-01-25 17:35:01] [INFO] All cameras started
[2026-01-25 17:35:01] [INFO] System running. Press Ctrl+C to exit.
[2026-01-25 17:35:01] [INFO] NetworkTables publishing to table: Vision
[2026-01-25 17:35:01] [DEBUG] Fusion: 0 valid measurements
[2026-01-25 17:35:01] [DEBUG] No measurements and filter not initialized
[2026-01-25 17:35:01] [INFO] === Frame 0 Debug ===
[2026-01-25 17:35:01] [INFO] Camera results count: 0
[2026-01-25 17:35:01] [INFO] Low confidence (0.000000) | NT: Connected
[2026-01-25 17:35:01] [INFO] ================================
[2026-01-25 17:35:01] [DEBUG] Fusion: 0 valid measurements
[2026-01-25 17:35:01] [DEBUG] No measurements and filter not initialized
[2026-01-25 17:35:01] [DEBUG] Fusion: 0 valid measurements
[2026-01-25 17:35:01] [DEBUG] No measurements and filter not initialized
[2026-01-25 17:35:01] [DEBUG] Detection from front_camera has no valid pose
[2026-01-25 17:35:01] [DEBUG] Fusion: 0 valid measurements
[2026-01-25 17:35:01] [DEBUG] No measurements and filter not initialized
[2026-01-25 17:35:21] [INFO] Interrupt signal received. Shutting down...
[2026-01-25 17:35:30] [INFO] === AprilTag Multi-Camera Vision System ===
[2026-01-25 17:35:30] [INFO] Starting advanced vision system with fusion and networking...
[2026-01-25 17:35:30] [INFO] Field layout loaded: /Users/sim/Projects/aprilTagDetector/Layout/2025-official.json
[2026-01-25 17:35:30] [INFO] Added camera: front_camera
[2026-01-25 17:35:30] [INFO] Network streaming disabled in config
[2026-01-25 17:35:30] [INFO] Attempting to start NetworkTables...
[2026-01-25 17:35:30] [INFO] Starting NetworkTables initialization (non-blocking)...
[2026-01-25 17:35:30] [INFO] Starting NetworkTables server on port 5810
[2026-01-25 17:35:30] [INFO] NetworkTables publishers initialized
[2026-01-25 17:35:30] [INFO] NetworkTables publisher initialized (connecting in background)
[2026-01-25 17:35:31] [INFO] NetworkTables connected successfully
[2026-01-25 17:35:31] [INFO] NetworkTables server started on port 5810
[2026-01-25 17:35:31] [INFO] MJPEG streaming disabled (visualization off or storeFrames = false)
[2026-01-25 17:35:31] [INFO] Web server disabled in config
[2026-01-25 17:35:33] [INFO] Started camera stream: front_camera
[2026-01-25 17:35:33] [INFO] All cameras started
[2026-01-25 17:35:33] [INFO] System running. Press Ctrl+C to exit.
[2026-01-25 17:35:33] [INFO] NetworkTables publishing to table: Vision
[2026-01-25 17:35:33] [DEBUG] Fusion: 0 valid measurements
[2026-01-25 17:35:33] [DEBUG] No measurements and filter not initialized
[2026-01-25 17:35:33] [INFO] === Frame 0 Debug ===
[2026-01-25 17:35:33] [INFO] Camera results count: 0
[2026-01-25 17:35:33] [INFO] Low confidence (0.000000) | NT: Connected
[2026-01-25 17:35:33] [INFO] ================================
[2026-01-25 17:35:33] [DEBUG] Fusion: 0 valid measurements
[2026-01-25 17:35:33] [DEBUG] No measurements and filter not initialized
[2026-01-25 17:35:33] [DEBUG] Fusion: 0 valid measurements
[2026-01-25 17:35:33] [DEBUG] No measurements and filter not initialized
[2026-01-25 17:35:33] [DEBUG] Camera front_camera weight: 4.006951 tags: 1
[2026-01-25 17:35:33] [DEBUG] Fusion: 1 valid measurements
[2026-01-25 17:35:33] [INFO] Initializing Kalman filter with first measurement
[2026-01-25 17:35:33] [DEBUG] Fusion successful, confidence: 4.006951
[2026-01-25 17:44:58] [INFO] Interrupt signal received. Shutting down...
[2026-01-25 17:45:04] [INFO] === AprilTag Multi-Camera Vision System ===
[2026-01-25 17:45:04] [INFO] Starting advanced vision system with fusion and networking...
[2026-01-25 17:45:04] [INFO] Field layout loaded: /Users/sim/Projects/aprilTagDetector/Layout/2025-official.json
[2026-01-25 17:45:04] [INFO] Added camera: front_camera
[2026-01-25 17:45:04] [INFO] Network streaming disabled in config
[2026-01-25 17:45:04] [INFO] Attempting to start NetworkTables...
[2026-01-25 17:45:04] [INFO] Starting NetworkTables initialization (non-blocking)...
[2026-01-25 17:45:04] [INFO] Starting NetworkTables server on port 5810
[2026-01-25 17:45:04] [INFO] NetworkTables publishers initialized
[2026-01-25 17:45:04] [INFO] NetworkTables publisher initialized (connecting in background)
[2026-01-25 17:45:05] [INFO] NetworkTables connected successfully
[2026-01-25 17:45:05] [INFO] NetworkTables server started on port 5810
[2026-01-25 17:45:05] [INFO] MJPEG streaming disabled (visualization off or storeFrames = false)
[2026-01-25 17:45:05] [INFO] Web server disabled in config
[2026-01-25 17:45:06] [INFO] Started camera stream: front_camera
[2026-01-25 17:45:06] [INFO] All cameras started
[2026-01-25 17:45:06] [INFO] System running. Press Ctrl+C to exit.
[2026-01-25 17:45:06] [INFO] NetworkTables publishing to table: Vision
[2026-01-25 17:45:06] [INFO] NT: Published frame 0 | Connected: Yes
[2026-01-25 17:45:06] [INFO] === Frame 0 Debug ===
[2026-01-25 17:45:06] [INFO] Camera results count: 0
[2026-01-25 17:45:06] [INFO] Low confidence (0.000000) | NT: Connected
[2026-01-25 17:45:06] [INFO] ================================
[2026-01-25 17:45:37] [INFO] Interrupt signal received. Shutting down...
[2026-01-25 17:45:44] [INFO] === AprilTag Multi-Camera Vision System ===
[2026-01-25 17:45:44] [INFO] Starting advanced vision system with fusion and networking...
[2026-01-25 17:45:44] [INFO] Field layout loaded: /Users/sim/Projects/aprilTagDetector/Layout/2025-official.json
[2026-01-25 17:45:44] [INFO] Added camera: front_camera
[2026-01-25 17:45:44] [INFO] Network streaming disabled in config
[2026-01-25 17:45:44] [INFO] Attempting to start NetworkTables...
[2026-01-25 17:45:44] [INFO] Starting NetworkTables initialization (non-blocking)...
[2026-01-25 17:45:44] [INFO] Starting NetworkTables server on port 5810
[2026-01-25 17:45:44] [INFO] NetworkTables publishers initialized
[2026-01-25 17:45:44] [INFO] NetworkTables publisher initialized (connecting in background)
[2026-01-25 17:45:45] [INFO] NetworkTables connected successfully
[2026-01-25 17:45:45] [INFO] NetworkTables server started on port 5810
[2026-01-25 17:45:45] [INFO] MJPEG streaming disabled (visualization off or storeFrames = false)
[2026-01-25 17:45:45] [INFO] Web server disabled in config
[2026-01-25 17:45:46] [INFO] Started camera stream: front_camera
[2026-01-25 17:45:46] [INFO] All cameras started
[2026-01-25 17:45:46] [INFO] System running. Press Ctrl+C to exit.
[2026-01-25 17:45:46] [INFO] NetworkTables publishing to table: Vision
[2026-01-25 17:45:46] [INFO] NT: Published frame 0 | Connected: Yes
[2026-01-25 17:45:46] [INFO] === Frame 0 Debug ===
[2026-01-25 17:45:46] [INFO] Camera results count: 0
[2026-01-25 17:45:46] [INFO] Low confidence (0.000000) | NT: Connected
[2026-01-25 17:45:46] [INFO] ================================
[2026-01-25 17:45:46] [INFO] Initializing Kalman filter with first measurement
[2026-01-25 18:28:09] [INFO] Interrupt signal received. Shutting down...
[2026-01-25 18:28:10] [INFO] Interrupt signal received. Shutting down...
[2026-01-26 17:35:13] [INFO] === AprilTag Multi-Camera Vision System ===
[2026-01-26 17:35:13] [INFO] Starting advanced vision system with fusion and networking...
[2026-01-26 17:35:13] [INFO] Field layout loaded: /Users/sim/Projects/aprilTagDetector/Layout/2025-official.json
[2026-01-26 17:35:13] [INFO] Added camera: front_camera
[2026-01-26 17:35:13] [INFO] Network streaming disabled in config
[2026-01-26 17:35:13] [INFO] Attempting to start NetworkTables...
[2026-01-26 17:35:13] [INFO] Starting NetworkTables initialization...
[2026-01-26 17:35:13] [INFO] Starting NetworkTables server on port 5810
[2026-01-26 17:35:13] [INFO] NetworkTables publishers initialized with default values
[2026-01-26 17:35:13] [INFO] Waiting for NetworkTables connection...
[2026-01-26 17:35:15] [WARNING] NetworkTables started but not yet connected - will continue trying in background
[2026-01-26 17:35:15] [INFO] NetworkTables server started on port 5810
[2026-01-26 17:35:15] [INFO] MJPEG streaming disabled (visualization off or storeFrames = false)
[2026-01-26 17:35:15] [INFO] Web server disabled in config
[2026-01-26 17:35:19] [INFO] Started camera stream: front_camera
[2026-01-26 17:35:19] [INFO] All cameras started
[2026-01-26 17:35:19] [INFO] System running. Press Ctrl+C to exit.
[2026-01-26 17:35:19] [INFO] NetworkTables publishing to table: Vision
[2026-01-26 17:35:19] [INFO] NT Status: DISCONNECTED | Frame: 0 | Cameras: 0
[2026-01-26 17:35:19] [INFO] === Frame 0 Debug ===
[2026-01-26 17:35:19] [INFO] Camera results count: 0
[2026-01-26 17:35:19] [INFO] Low confidence (0.000000) | NT: Disconnected
[2026-01-26 17:35:19] [INFO] ================================
[2026-01-26 17:35:19] [INFO] Initializing publishers for new camera: front_camera
[2026-01-26 17:35:34] [INFO] === AprilTag Multi-Camera Vision System ===
[2026-01-26 17:35:34] [INFO] Starting advanced vision system with fusion and networking...
[2026-01-26 17:35:34] [INFO] Field layout loaded: /Users/sim/Projects/aprilTagDetector/Layout/2025-official.json
[2026-01-26 17:35:34] [INFO] Added camera: front_camera
[2026-01-26 17:35:34] [INFO] Network streaming disabled in config
[2026-01-26 17:35:34] [INFO] Attempting to start NetworkTables...
[2026-01-26 17:35:34] [INFO] Starting NetworkTables initialization...
[2026-01-26 17:35:34] [INFO] Starting NetworkTables server on port 5810
[2026-01-26 17:35:34] [INFO] NetworkTables publishers initialized with default values
[2026-01-26 17:35:34] [INFO] Waiting for NetworkTables connection...
[2026-01-26 17:35:36] [WARNING] NetworkTables started but not yet connected - will continue trying in background
[2026-01-26 17:35:36] [INFO] NetworkTables server started on port 5810
[2026-01-26 17:35:36] [INFO] MJPEG streaming disabled (visualization off or storeFrames = false)
[2026-01-26 17:35:36] [INFO] Web server disabled in config
[2026-01-26 17:35:38] [INFO] Started camera stream: front_camera
[2026-01-26 17:35:38] [INFO] All cameras started
[2026-01-26 17:35:38] [INFO] System running. Press Ctrl+C to exit.
[2026-01-26 17:35:38] [INFO] NetworkTables publishing to table: Vision
[2026-01-26 17:35:38] [INFO] NT Status: DISCONNECTED | Frame: 0 | Cameras: 0
[2026-01-26 17:35:38] [INFO] === Frame 0 Debug ===
[2026-01-26 17:35:38] [INFO] Camera results count: 0
[2026-01-26 17:35:38] [INFO] Low confidence (0.000000) | NT: Disconnected
[2026-01-26 17:35:38] [INFO] ================================
[2026-01-26 17:35:38] [INFO] Initializing publishers for new camera: front_camera
[2026-01-26 17:36:18] [INFO] Interrupt signal received. Shutting down...
[2026-01-26 17:42:16] [INFO] === AprilTag Multi-Camera Vision System ===
[2026-01-26 17:42:16] [INFO] Starting advanced vision system with fusion and networking...
[2026-01-26 17:42:16] [INFO] Field layout loaded: /Users/sim/Projects/aprilTagDetector/Layout/2025-official.json
[2026-01-26 17:42:16] [INFO] Added camera: front_camera
[2026-01-26 17:42:16] [INFO] Network streaming disabled in config
[2026-01-26 17:42:16] [INFO] Attempting to start NetworkTables...
[2026-01-26 17:42:16] [INFO] Starting NetworkTables initialization...
[2026-01-26 17:42:16] [INFO] Starting NetworkTables server on port 5810
[2026-01-26 17:42:16] [INFO] NetworkTables publishers initialized with default values
[2026-01-26 17:42:16] [INFO] Waiting for NetworkTables connection...
[2026-01-26 17:42:17] [INFO] NetworkTables connected successfully!
[2026-01-26 17:42:17] [INFO] NetworkTables server started on port 5810
[2026-01-26 17:42:17] [INFO] Added MJPEG stream: front_camera on port 8081
[2026-01-26 17:42:17] [INFO] MJPEG stream 'front_camera' started on port 8081
[2026-01-26 17:42:17] [INFO] MJPEG streams started
[2026-01-26 17:42:17] [INFO] Web server started on port 8080
[2026-01-26 17:42:17] [INFO] Web interface available at http://localhost:8080
[2026-01-26 17:42:19] [INFO] Started camera stream: front_camera
[2026-01-26 17:42:19] [INFO] All cameras started
[2026-01-26 17:42:19] [INFO] System running. Press Ctrl+C to exit.
[2026-01-26 17:42:19] [INFO] Web interface: http://localhost:8080
[2026-01-26 17:42:19] [INFO] NetworkTables publishing to table: Vision
[2026-01-26 17:42:19] [INFO] NT Status: CONNECTED | Frame: 0 | Cameras: 0
[2026-01-26 17:42:19] [INFO] === Frame 0 Debug ===
[2026-01-26 17:42:19] [INFO] Camera results count: 0
[2026-01-26 17:42:19] [INFO] Low confidence (0.000000) | NT: Connected
[2026-01-26 17:42:19] [INFO] ================================
[2026-01-26 17:42:19] [INFO] Initializing publishers for new camera: front_camera
[2026-01-26 17:42:24] [DEBUG] MJPEG client connected to front_camera
[2026-01-26 17:42:26] [DEBUG] MJPEG client connected to front_camera
[2026-01-26 17:42:26] [DEBUG] MJPEG client disconnected from front_camera
[2026-01-26 17:42:27] [DEBUG] MJPEG client connected to front_camera
[2026-01-26 17:42:27] [DEBUG] MJPEG client disconnected from front_camera
[2026-01-26 17:42:27] [DEBUG] MJPEG client connected to front_camera
[2026-01-26 17:42:27] [DEBUG] MJPEG client disconnected from front_camera
[2026-01-26 17:43:14] [INFO] Interrupt signal received. Shutting down...
[2026-01-26 17:43:15] [INFO] Interrupt signal received. Shutting down...
[2026-01-26 17:43:16] [INFO] Interrupt signal received. Shutting down...
[2026-01-26 17:43:16] [INFO] Interrupt signal received. Shutting down...
[2026-01-26 17:43:16] [INFO] Interrupt signal received. Shutting down...
[2026-01-26 17:43:16] [INFO] Interrupt signal received. Shutting down...
[2026-01-26 17:43:17] [INFO] Interrupt signal received. Shutting down...
[2026-01-26 17:43:25] [INFO] === AprilTag Multi-Camera Vision System ===
[2026-01-26 17:43:25] [INFO] Starting advanced vision system with fusion and networking...
[2026-01-26 17:43:25] [INFO] Field layout loaded: /Users/sim/Projects/aprilTagDetector/Layout/2025-official.json
[2026-01-26 17:43:25] [INFO] Added camera: front_camera
[2026-01-26 17:43:25] [INFO] Network streaming disabled in config
[2026-01-26 17:43:25] [INFO] NetworkTables disabled in config
[2026-01-26 17:43:25] [INFO] Added MJPEG stream: front_camera on port 8081
[2026-01-26 17:43:25] [INFO] MJPEG stream 'front_camera' started on port 8081
[2026-01-26 17:43:25] [INFO] MJPEG streams started
[2026-01-26 17:43:25] [INFO] Web server started on port 8080
[2026-01-26 17:43:25] [INFO] Web interface available at http://localhost:8080
[2026-01-26 17:43:27] [INFO] Started camera stream: front_camera
[2026-01-26 17:43:27] [INFO] All cameras started
[2026-01-26 17:43:27] [INFO] System running. Press Ctrl+C to exit.
[2026-01-26 17:43:27] [INFO] Web interface: http://localhost:8080
[2026-01-26 17:43:27] [INFO] === Frame 0 Debug ===
[2026-01-26 17:43:27] [INFO] Camera results count: 0
[2026-01-26 17:43:27] [INFO] Low confidence (0.000000) | NT: Disconnected
[2026-01-26 17:43:27] [INFO] ================================
[2026-01-26 17:43:27] [INFO] === Frame 30 Debug ===
[2026-01-26 17:43:27] [INFO] Camera results count: 1
[2026-01-26 17:43:27] [INFO] Camera: front_camera | hasPose: 0 | hasAngle: 0
[2026-01-26 17:43:27] [INFO]   No valid pose data
[2026-01-26 17:43:27] [INFO] Low confidence (0.000000) | NT: Disconnected
[2026-01-26 17:43:27] [INFO] ================================
[2026-01-26 17:43:27] [INFO] === Frame 60 Debug ===
[2026-01-26 17:43:27] [INFO] Camera results count: 1
[2026-01-26 17:43:27] [INFO] Camera: front_camera | hasPose: 0 | hasAngle: 0
[2026-01-26 17:43:27] [INFO]   No valid pose data
[2026-01-26 17:43:27] [INFO] Low confidence (0.000000) | NT: Disconnected
[2026-01-26 17:43:27] [INFO] ================================
[2026-01-26 17:43:28] [INFO] === Frame 90 Debug ===
[2026-01-26 17:43:28] [INFO] Camera results count: 1
[2026-01-26 17:43:28] [INFO] Camera: front_camera | hasPose: 0 | hasAngle: 0
[2026-01-26 17:43:28] [INFO]   No valid pose data
[2026-01-26 17:43:28] [INFO] Low confidence (0.000000) | NT: Disconnected
[2026-01-26 17:43:28] [INFO] ================================
[2026-01-26 17:43:28] [INFO] FPS: 82.341270
[2026-01-26 17:43:28] [INFO] System running | NT: Disconnected | Frame: 100
[2026-01-26 17:43:28] [INFO] === Frame 120 Debug ===
[2026-01-26 17:43:28] [INFO] Camera results count: 1
[2026-01-26 17:43:28] [INFO] Camera: front_camera | hasPose: 0 | hasAngle: 0
[2026-01-26 17:43:28] [INFO]   No valid pose data
[2026-01-26 17:43:28] [INFO] Low confidence (0.000000) | NT: Disconnected
[2026-01-26 17:43:28] [INFO] ================================
[2026-01-26 17:43:28] [INFO] === Frame 150 Debug ===
[2026-01-26 17:43:28] [INFO] Camera results count: 1
[2026-01-26 17:43:28] [INFO] Camera: front_camera | hasPose: 0 | hasAngle: 0
[2026-01-26 17:43:28] [INFO]   No valid pose data
[2026-01-26 17:43:28] [INFO] Low confidence (0.000000) | NT: Disconnected
[2026-01-26 17:43:28] [INFO] ================================
[2026-01-26 17:43:29] [INFO] === Frame 180 Debug ===
[2026-01-26 17:43:29] [INFO] Camera results count: 1
[2026-01-26 17:43:29] [INFO] Camera: front_camera | hasPose: 0 | hasAngle: 0
[2026-01-26 17:43:29] [INFO]   No valid pose data
[2026-01-26 17:43:29] [INFO] Low confidence (0.000000) | NT: Disconnected
[2026-01-26 17:43:29] [INFO] ================================
[2026-01-26 17:43:29] [INFO] FPS: 82.259663
[2026-01-26 17:43:29] [INFO] System running | NT: Disconnected | Frame: 200
[2026-01-26 17:43:29] [INFO] === Frame 210 Debug ===
[2026-01-26 17:43:29] [INFO] Camera results count: 1
[2026-01-26 17:43:29] [INFO] Camera: front_camera | hasPose: 0 | hasAngle: 0
[2026-01-26 17:43:29] [INFO]   No valid pose data
[2026-01-26 17:43:29] [INFO] Low confidence (0.000000) | NT: Disconnected
[2026-01-26 17:43:29] [INFO] ================================
[2026-01-26 17:43:29] [INFO] === Frame 240 Debug ===
[2026-01-26 17:43:29] [INFO] Camera results count: 1
[2026-01-26 17:43:29] [INFO] Camera: front_camera | hasPose: 0 | hasAngle: 0
[2026-01-26 17:43:29] [INFO]   No valid pose data
[2026-01-26 17:43:29] [INFO] Low confidence (0.000000) | NT: Disconnected
[2026-01-26 17:43:29] [INFO] ================================
[2026-01-26 17:43:30] [INFO] === Frame 270 Debug ===
[2026-01-26 17:43:30] [INFO] Camera results count: 1
[2026-01-26 17:43:30] [INFO] Camera: front_camera | hasPose: 0 | hasAngle: 0
[2026-01-26 17:43:30] [INFO]   No valid pose data
[2026-01-26 17:43:30] [INFO] Low confidence (0.000000) | NT: Disconnected
[2026-01-26 17:43:30] [INFO] ================================
[2026-01-26 17:43:30] [INFO] FPS: 82.178218
[2026-01-26 17:43:30] [INFO] === Frame 300 Debug ===
[2026-01-26 17:43:30] [INFO] Camera results count: 1
[2026-01-26 17:43:30] [INFO] Camera: front_camera | hasPose: 0 | hasAngle: 0
[2026-01-26 17:43:30] [INFO]   No valid pose data
[2026-01-26 17:43:30] [INFO] Low confidence (0.000000) | NT: Disconnected
[2026-01-26 17:43:30] [INFO] ================================
[2026-01-26 17:43:31] [INFO] === Frame 330 Debug ===
[2026-01-26 17:43:31] [INFO] Camera results count: 1
[2026-01-26 17:43:31] [INFO] Camera: front_camera | hasPose: 0 | hasAngle: 0
[2026-01-26 17:43:31] [INFO]   No valid pose data
[2026-01-26 17:43:31] [INFO] Low confidence (0.000000) | NT: Disconnected
[2026-01-26 17:43:31] [INFO] ================================
[2026-01-26 17:43:31] [INFO] === Frame 360 Debug ===
[2026-01-26 17:43:31] [INFO] Camera results count: 1
[2026-01-26 17:43:31] [INFO] Camera: front_camera | hasPose: 0 | hasAngle: 0
[2026-01-26 17:43:31] [INFO]   No valid pose data
[2026-01-26 17:43:31] [INFO] Low confidence (0.000000) | NT: Disconnected
[2026-01-26 17:43:31] [INFO] ================================
[2026-01-26 17:43:31] [INFO] === Frame 390 Debug ===
[2026-01-26 17:43:31] [INFO] Camera results count: 1
[2026-01-26 17:43:31] [INFO] Camera: front_camera | hasPose: 0 | hasAngle: 0
[2026-01-26 17:43:31] [INFO]   No valid pose data
[2026-01-26 17:43:31] [INFO] Low confidence (0.000000) | NT: Disconnected
[2026-01-26 17:43:31] [INFO] ================================
[2026-01-26 17:43:31] [INFO] FPS: 82.178218
[2026-01-26 17:43:31] [INFO] System running | NT: Disconnected | Frame: 400
[2026-01-26 17:43:32] [INFO] === Frame 420 Debug ===
[2026-01-26 17:43:32] [INFO] Camera results count: 1
[2026-01-26 17:43:32] [INFO] Camera: front_camera | hasPose: 0 | hasAngle: 0
[2026-01-26 17:43:32] [INFO]   No valid pose data
[2026-01-26 17:43:32] [INFO] Low confidence (0.000000) | NT: Disconnected
[2026-01-26 17:43:32] [INFO] ================================
[2026-01-26 17:43:32] [INFO] === Frame 450 Debug ===
[2026-01-26 17:43:32] [INFO] Camera results count: 1
[2026-01-26 17:43:32] [INFO] Camera: front_camera | hasPose: 0 | hasAngle: 0
[2026-01-26 17:43:32] [INFO]   No valid pose data
[2026-01-26 17:43:32] [INFO] Low confidence (0.000000) | NT: Disconnected
[2026-01-26 17:43:32] [INFO] ================================
[2026-01-26 17:43:32] [INFO] === Frame 480 Debug ===
[2026-01-26 17:43:32] [INFO] Camera results count: 1
[2026-01-26 17:43:32] [INFO] Camera: front_camera | hasPose: 0 | hasAngle: 0
[2026-01-26 17:43:32] [INFO]   No valid pose data
[2026-01-26 17:43:32] [INFO] Low confidence (0.000000) | NT: Disconnected
[2026-01-26 17:43:32] [INFO] ================================
[2026-01-26 17:43:33] [INFO] FPS: 81.836327
[2026-01-26 17:43:33] [INFO] System running | NT: Disconnected | Frame: 500
[2026-01-26 17:43:33] [INFO] === Frame 510 Debug ===
[2026-01-26 17:43:33] [INFO] Camera results count: 1
[2026-01-26 17:43:33] [INFO] Camera: front_camera | hasPose: 0 | hasAngle: 0
[2026-01-26 17:43:33] [INFO]   No valid pose data
[2026-01-26 17:43:33] [INFO] Low confidence (0.000000) | NT: Disconnected
[2026-01-26 17:43:33] [INFO] ================================
[2026-01-26 17:43:33] [INFO] === Frame 540 Debug ===
[2026-01-26 17:43:33] [INFO] Camera results count: 1
[2026-01-26 17:43:33] [INFO] Camera: front_camera | hasPose: 0 | hasAngle: 0
[2026-01-26 17:43:33] [INFO]   No valid pose data
[2026-01-26 17:43:33] [INFO] Low confidence (0.000000) | NT: Disconnected
[2026-01-26 17:43:33] [INFO] ================================
[2026-01-26 17:43:33] [INFO] === Frame 570 Debug ===
[2026-01-26 17:43:33] [INFO] Camera results count: 1
[2026-01-26 17:43:33] [INFO] Camera: front_camera | hasPose: 0 | hasAngle: 0
[2026-01-26 17:43:33] [INFO]   No valid pose data
[2026-01-26 17:43:33] [INFO] Low confidence (0.000000) | NT: Disconnected
[2026-01-26 17:43:33] [INFO] ================================
[2026-01-26 17:43:34] [DEBUG] MJPEG client connected to front_camera
[2026-01-26 17:43:34] [INFO] FPS: 81.836327
[2026-01-26 17:43:34] [INFO] === Frame 600 Debug ===
[2026-01-26 17:43:34] [INFO] Camera results count: 1
[2026-01-26 17:43:34] [INFO] Camera: front_camera | hasPose: 0 | hasAngle: 0
[2026-01-26 17:43:34] [INFO]   No valid pose data
[2026-01-26 17:43:34] [INFO] Low confidence (0.000000) | NT: Disconnected
[2026-01-26 17:43:34] [INFO] ================================
[2026-01-26 17:43:34] [INFO] === Frame 630 Debug ===
[2026-01-26 17:43:34] [INFO] Camera results count: 1
[2026-01-26 17:43:34] [INFO] Camera: front_camera | hasPose: 0 | hasAngle: 0
[2026-01-26 17:43:34] [INFO]   No valid pose data
[2026-01-26 17:43:34] [INFO] Low confidence (0.000000) | NT: Disconnected
[2026-01-26 17:43:34] [INFO] ================================
[2026-01-26 17:43:35] [INFO] === Frame 660 Debug ===
[2026-01-26 17:43:35] [INFO] Camera results count: 1
[2026-01-26 17:43:35] [INFO] Camera: front_camera | hasPose: 0 | hasAngle: 0
[2026-01-26 17:43:35] [INFO]   No valid pose data
[2026-01-26 17:43:35] [INFO] Low confidence (0.000000) | NT: Disconnected
[2026-01-26 17:43:35] [INFO] ================================
[2026-01-26 17:43:35] [INFO] === Frame 690 Debug ===
[2026-01-26 17:43:35] [INFO] Camera results count: 1
[2026-01-26 17:43:35] [INFO] Camera: front_camera | hasPose: 0 | hasAngle: 0
[2026-01-26 17:43:35] [INFO]   No valid pose data
[2026-01-26 17:43:35] [INFO] Low confidence (0.000000) | NT: Disconnected
[2026-01-26 17:43:35] [INFO] ================================
[2026-01-26 17:43:35] [INFO] FPS: 81.000000
[2026-01-26 17:43:35] [INFO] System running | NT: Disconnected | Frame: 700
[2026-01-26 17:43:35] [INFO] === Frame 720 Debug ===
[2026-01-26 17:43:35] [INFO] Camera results count: 1
[2026-01-26 17:43:35] [INFO] Camera: front_camera | hasPose: 0 | hasAngle: 0
[2026-01-26 17:43:35] [INFO]   No valid pose data
[2026-01-26 17:43:35] [INFO] Low confidence (0.000000) | NT: Disconnected
[2026-01-26 17:43:35] [INFO] ================================
[2026-01-26 17:43:36] [INFO] === Frame 750 Debug ===
[2026-01-26 17:43:36] [INFO] Camera results count: 1
[2026-01-26 17:43:36] [INFO] Camera: front_camera | hasPose: 0 | hasAngle: 0
[2026-01-26 17:43:36] [INFO]   No valid pose data
[2026-01-26 17:43:36] [INFO] Low confidence (0.000000) | NT: Disconnected
[2026-01-26 17:43:36] [INFO] ================================
[2026-01-26 17:43:36] [INFO] === Frame 780 Debug ===
[2026-01-26 17:43:36] [INFO] Camera results count: 1
[2026-01-26 17:43:36] [INFO] Camera: front_camera | hasPose: 0 | hasAngle: 0
[2026-01-26 17:43:36] [INFO]   No valid pose data
[2026-01-26 17:43:36] [INFO] Low confidence (0.000000) | NT: Disconnected
[2026-01-26 17:43:36] [INFO] ================================
[2026-01-26 17:43:36] [INFO] FPS: 81.188119
[2026-01-26 17:43:36] [INFO] System running | NT: Disconnected | Frame: 800
[2026-01-26 17:43:36] [INFO] === Frame 810 Debug ===
[2026-01-26 17:43:36] [INFO] Camera results count: 1
[2026-01-26 17:43:36] [INFO] Camera: front_camera | hasPose: 0 | hasAngle: 0
[2026-01-26 17:43:36] [INFO]   No valid pose data
[2026-01-26 17:43:36] [INFO] Low confidence (0.000000) | NT: Disconnected
[2026-01-26 17:43:36] [INFO] ================================
[2026-01-26 17:43:37] [INFO] === Frame 840 Debug ===
[2026-01-26 17:43:37] [INFO] Camera results count: 1
[2026-01-26 17:43:37] [INFO] Camera: front_camera | hasPose: 0 | hasAngle: 0
[2026-01-26 17:43:37] [INFO]   No valid pose data
[2026-01-26 17:43:37] [INFO] Low confidence (0.000000) | NT: Disconnected
[2026-01-26 17:43:37] [INFO] ================================
[2026-01-26 17:43:37] [INFO] === Frame 870 Debug ===
[2026-01-26 17:43:37] [INFO] Camera results count: 1
[2026-01-26 17:43:37] [INFO] Camera: front_camera | hasPose: 0 | hasAngle: 0
[2026-01-26 17:43:37] [INFO]   No valid pose data
[2026-01-26 17:43:37] [INFO] Low confidence (0.000000) | NT: Disconnected
[2026-01-26 17:43:37] [INFO] ================================
[2026-01-26 17:43:38] [INFO] FPS: 82.178218
[2026-01-26 17:43:38] [INFO] === Frame 900 Debug ===
[2026-01-26 17:43:38] [INFO] Camera results count: 1
[2026-01-26 17:43:38] [INFO] Camera: front_camera | hasPose: 0 | hasAngle: 0
[2026-01-26 17:43:38] [INFO]   No valid pose data
[2026-01-26 17:43:38] [INFO] Low confidence (0.000000) | NT: Disconnected
[2026-01-26 17:43:38] [INFO] ================================
[2026-01-26 17:43:38] [INFO] === Frame 930 Debug ===
[2026-01-26 17:43:38] [INFO] Camera results count: 1
[2026-01-26 17:43:38] [INFO] Camera: front_camera | hasPose: 0 | hasAngle: 0
[2026-01-26 17:43:38] [INFO]   No valid pose data
[2026-01-26 17:43:38] [INFO] Low confidence (0.000000) | NT: Disconnected
[2026-01-26 17:43:38] [INFO] ================================
[2026-01-26 17:43:38] [INFO] === Frame 960 Debug ===
[2026-01-26 17:43:38] [INFO] Camera results count: 1
[2026-01-26 17:43:38] [INFO] Camera: front_camera | hasPose: 0 | hasAngle: 0
[2026-01-26 17:43:38] [INFO]   No valid pose data
[2026-01-26 17:43:38] [INFO] Low confidence (0.000000) | NT: Disconnected
[2026-01-26 17:43:38] [INFO] ================================
[2026-01-26 17:43:38] [INFO] Initializing Kalman filter with first measurement
[2026-01-26 17:43:39] [INFO] === Frame 990 Debug ===
[2026-01-26 17:43:39] [INFO] Camera results count: 1
[2026-01-26 17:43:39] [INFO] Camera: front_camera | hasPose: 1 | hasAngle: 0
[2026-01-26 17:43:39] [INFO]   Tags detected: 1
[2026-01-26 17:43:39] [INFO]   Tag IDs: 1 
[2026-01-26 17:43:39] [INFO]   Pose: [17.413916, 0.144391, 1.384500]
[2026-01-26 17:43:39] [INFO]   Error: 0.479434
[2026-01-26 17:43:39] [INFO] Fused pose: [17.395874, 0.159552, 1.381479] Confidence: 1.725822 Cameras: 1 NT: Disconnected
[2026-01-26 17:43:39] [INFO] ================================
[2026-01-26 17:43:39] [INFO] FPS: 79.920080
[2026-01-26 17:43:39] [INFO] System running | NT: Disconnected | Frame: 1000
[2026-01-26 17:43:39] [INFO] === Frame 1020 Debug ===
[2026-01-26 17:43:39] [INFO] Camera results count: 1
[2026-01-26 17:43:39] [INFO] Camera: front_camera | hasPose: 1 | hasAngle: 0
[2026-01-26 17:43:39] [INFO]   Tags detected: 1
[2026-01-26 17:43:39] [INFO]   Tag IDs: 1 
[2026-01-26 17:43:39] [INFO]   Pose: [17.537849, 0.208179, 1.538000]
[2026-01-26 17:43:39] [INFO]   Error: 0.278439
[2026-01-26 17:43:39] [INFO] Fused pose: [17.518477, 0.187650, 1.527143] Confidence: 2.642432 Cameras: 1 NT: Disconnected
[2026-01-26 17:43:39] [INFO] ================================
[2026-01-26 17:43:39] [INFO] === Frame 1050 Debug ===
[2026-01-26 17:43:39] [INFO] Camera results count: 1
[2026-01-26 17:43:39] [INFO] Camera: front_camera | hasPose: 1 | hasAngle: 0
[2026-01-26 17:43:39] [INFO]   Tags detected: 1
[2026-01-26 17:43:39] [INFO]   Tag IDs: 1 
[2026-01-26 17:43:39] [INFO]   Pose: [17.609257, -0.033808, 1.623193]
[2026-01-26 17:43:39] [INFO]   Error: 0.415293
[2026-01-26 17:43:39] [INFO] Fused pose: [17.640153, 0.070728, 1.600215] Confidence: 1.940644 Cameras: 1 NT: Disconnected
[2026-01-26 17:43:39] [INFO] ================================
[2026-01-26 17:43:40] [INFO] === Frame 1080 Debug ===
[2026-01-26 17:43:40] [INFO] Camera results count: 1
[2026-01-26 17:43:40] [INFO] Camera: front_camera | hasPose: 1 | hasAngle: 0
[2026-01-26 17:43:40] [INFO]   Tags detected: 1
[2026-01-26 17:43:40] [INFO]   Tag IDs: 1 
[2026-01-26 17:43:40] [INFO]   Pose: [17.779398, -0.090814, 1.481841]
[2026-01-26 17:43:40] [INFO]   Error: 0.414602
[2026-01-26 17:43:40] [INFO] Fused pose: [17.755354, -0.105376, 1.484727] Confidence: 1.943248 Cameras: 1 NT: Disconnected
[2026-01-26 17:43:40] [INFO] ================================
[2026-01-26 17:43:40] [INFO] FPS: 78.140455
[2026-01-26 17:43:40] [INFO] System running | NT: Disconnected | Frame: 1100
[2026-01-26 17:43:40] [INFO] === Frame 1110 Debug ===
[2026-01-26 17:43:40] [INFO] Camera results count: 1
[2026-01-26 17:43:40] [INFO] Camera: front_camera | hasPose: 1 | hasAngle: 0
[2026-01-26 17:43:40] [INFO]   Tags detected: 1
[2026-01-26 17:43:40] [INFO]   Tag IDs: 1 
[2026-01-26 17:43:40] [INFO]   Pose: [17.585741, -0.381941, 1.318611]
[2026-01-26 17:43:40] [INFO]   Error: 0.465512
[2026-01-26 17:43:40] [INFO] Fused pose: [17.667325, -0.325556, 1.390360] Confidence: 1.768310 Cameras: 1 NT: Disconnected
[2026-01-26 17:43:40] [INFO] ================================
[2026-01-26 17:43:41] [INFO] === Frame 1140 Debug ===
[2026-01-26 17:43:41] [INFO] Camera results count: 1
[2026-01-26 17:43:41] [INFO] Camera: front_camera | hasPose: 1 | hasAngle: 0
[2026-01-26 17:43:41] [INFO]   Tags detected: 1
[2026-01-26 17:43:41] [INFO]   Tag IDs: 1 
[2026-01-26 17:43:41] [INFO]   Pose: [17.397416, -0.603042, 1.680965]
[2026-01-26 17:43:41] [INFO]   Error: 0.219021
[2026-01-26 17:43:41] [INFO] Fused pose: [17.492804, -0.542313, 1.526823] Confidence: 3.134585 Cameras: 1 NT: Disconnected
[2026-01-26 17:43:41] [INFO] ================================
[2026-01-26 17:43:41] [INFO] === Frame 1170 Debug ===
[2026-01-26 17:43:41] [INFO] Camera results count: 1
[2026-01-26 17:43:41] [INFO] Camera: front_camera | hasPose: 1 | hasAngle: 0
[2026-01-26 17:43:41] [INFO]   Tags detected: 1
[2026-01-26 17:43:41] [INFO]   Tag IDs: 1 
[2026-01-26 17:43:41] [INFO]   Pose: [17.327613, -0.853123, 1.504806]
[2026-01-26 17:43:41] [INFO]   Error: 0.012513
[2026-01-26 17:43:41] [INFO] Fused pose: [17.319314, -0.859458, 1.515893] Confidence: 8.887883 Cameras: 1 NT: Disconnected
[2026-01-26 17:43:41] [INFO] ================================
[2026-01-26 17:43:41] [INFO] FPS: 78.842315
[2026-01-26 17:43:41] [INFO] === Frame 1200 Debug ===
[2026-01-26 17:43:41] [INFO] Camera results count: 1
[2026-01-26 17:43:41] [INFO] Camera: front_camera | hasPose: 1 | hasAngle: 0
[2026-01-26 17:43:41] [INFO]   Tags detected: 1
[2026-01-26 17:43:41] [INFO]   Tag IDs: 1 
[2026-01-26 17:43:41] [INFO]   Pose: [17.243146, -1.019927, 1.527615]
[2026-01-26 17:43:41] [INFO]   Error: 0.049472
[2026-01-26 17:43:41] [INFO] Fused pose: [17.246716, -1.017915, 1.537677] Confidence: 6.690236 Cameras: 1 NT: Disconnected
[2026-01-26 17:43:41] [INFO] ================================
[2026-01-26 17:43:42] [INFO] === Frame 1230 Debug ===
[2026-01-26 17:43:42] [INFO] Camera results count: 1
[2026-01-26 17:43:42] [INFO] Camera: front_camera | hasPose: 1 | hasAngle: 0
[2026-01-26 17:43:42] [INFO]   Tags detected: 1
[2026-01-26 17:43:42] [INFO]   Tag IDs: 1 
[2026-01-26 17:43:42] [INFO]   Pose: [17.211476, -1.184966, 1.515190]
[2026-01-26 17:43:42] [INFO]   Error: 0.066667
[2026-01-26 17:43:42] [INFO] Fused pose: [17.254671, -1.179602, 1.503630] Confidence: 5.999990 Cameras: 1 NT: Disconnected
[2026-01-26 17:43:42] [INFO] ================================
[2026-01-26 17:43:42] [INFO] === Frame 1260 Debug ===
[2026-01-26 17:43:42] [INFO] Camera results count: 1
[2026-01-26 17:43:42] [INFO] Camera: front_camera | hasPose: 1 | hasAngle: 0
[2026-01-26 17:43:42] [INFO]   Tags detected: 1
[2026-01-26 17:43:42] [INFO]   Tag IDs: 1 
[2026-01-26 17:43:42] [INFO]   Pose: [17.106786, -1.299491, 1.361230]
[2026-01-26 17:43:42] [INFO]   Error: 0.068426
[2026-01-26 17:43:42] [INFO] Fused pose: [17.102605, -1.307062, 1.372313] Confidence: 5.937317 Cameras: 1 NT: Disconnected
[2026-01-26 17:43:42] [INFO] ================================
[2026-01-26 17:43:42] [INFO] === Frame 1290 Debug ===
[2026-01-26 17:43:42] [INFO] Camera results count: 1
[2026-01-26 17:43:42] [INFO] Camera: front_camera | hasPose: 1 | hasAngle: 0
[2026-01-26 17:43:42] [INFO]   Tags detected: 1
[2026-01-26 17:43:42] [INFO]   Tag IDs: 1 
[2026-01-26 17:43:42] [INFO]   Pose: [17.213459, -1.336485, 1.268845]
[2026-01-26 17:43:42] [INFO]   Error: 0.020662
[2026-01-26 17:43:42] [INFO] Fused pose: [17.206308, -1.350372, 1.286234] Confidence: 8.287613 Cameras: 1 NT: Disconnected
[2026-01-26 17:43:42] [INFO] ================================
[2026-01-26 17:43:43] [INFO] FPS: 78.528827
[2026-01-26 17:43:43] [INFO] System running | NT: Disconnected | Frame: 1300
[2026-01-26 17:43:43] [INFO] === Frame 1320 Debug ===
[2026-01-26 17:43:43] [INFO] Camera results count: 1
[2026-01-26 17:43:43] [INFO] Camera: front_camera | hasPose: 1 | hasAngle: 0
[2026-01-26 17:43:43] [INFO]   Tags detected: 1
[2026-01-26 17:43:43] [INFO]   Tag IDs: 1 
[2026-01-26 17:43:43] [INFO]   Pose: [17.234217, -1.330060, 1.254671]
[2026-01-26 17:43:43] [INFO]   Error: 0.038278
[2026-01-26 17:43:43] [INFO] Fused pose: [17.256231, -1.332762, 1.243388] Confidence: 7.231834 Cameras: 1 NT: Disconnected
[2026-01-26 17:43:43] [INFO] ================================
[2026-01-26 17:43:43] [INFO] === Frame 1350 Debug ===
[2026-01-26 17:43:43] [INFO] Camera results count: 1
[2026-01-26 17:43:43] [INFO] Camera: front_camera | hasPose: 1 | hasAngle: 0
[2026-01-26 17:43:43] [INFO]   Tags detected: 1
[2026-01-26 17:43:43] [INFO]   Tag IDs: 1 
[2026-01-26 17:43:43] [INFO]   Pose: [17.649098, -1.170492, 1.774518]
[2026-01-26 17:43:43] [INFO]   Error: 0.115922
[2026-01-26 17:43:43] [INFO] Fused pose: [17.648883, -1.195973, 1.689101] Confidence: 4.631294 Cameras: 1 NT: Disconnected
[2026-01-26 17:43:43] [INFO] ================================
[2026-01-26 17:43:44] [INFO] === Frame 1380 Debug ===
[2026-01-26 17:43:44] [INFO] Camera results count: 1
[2026-01-26 17:43:44] [INFO] Camera: front_camera | hasPose: 1 | hasAngle: 0
[2026-01-26 17:43:44] [INFO]   Tags detected: 1
[2026-01-26 17:43:44] [INFO]   Tag IDs: 1 
[2026-01-26 17:43:44] [INFO]   Pose: [17.431311, -0.913814, 2.057239]
[2026-01-26 17:43:44] [INFO]   Error: 0.089168
[2026-01-26 17:43:44] [INFO] Fused pose: [17.430845, -0.920803, 2.125153] Confidence: 5.286307 Cameras: 1 NT: Disconnected
[2026-01-26 17:43:44] [INFO] ================================
[2026-01-26 17:43:44] [INFO] FPS: 76.923077
[2026-01-26 17:43:44] [INFO] System running | NT: Disconnected | Frame: 1400
[2026-01-26 17:43:44] [INFO] === Frame 1410 Debug ===
[2026-01-26 17:43:44] [INFO] Camera results count: 1
[2026-01-26 17:43:44] [INFO] Camera: front_camera | hasPose: 1 | hasAngle: 0
[2026-01-26 17:43:44] [INFO]   Tags detected: 1
[2026-01-26 17:43:44] [INFO]   Tag IDs: 1 
[2026-01-26 17:43:44] [INFO]   Pose: [17.188724, -0.703294, 2.392794]
[2026-01-26 17:43:44] [INFO]   Error: 0.161020
[2026-01-26 17:43:44] [INFO] Fused pose: [17.193465, -0.704777, 2.419514] Confidence: 3.831128 Cameras: 1 NT: Disconnected
[2026-01-26 17:43:44] [INFO] ================================
[2026-01-26 17:43:44] [INFO] === Frame 1440 Debug ===
[2026-01-26 17:43:44] [INFO] Camera results count: 1
[2026-01-26 17:43:44] [INFO] Camera: front_camera | hasPose: 1 | hasAngle: 0
[2026-01-26 17:43:44] [INFO]   Tags detected: 1
[2026-01-26 17:43:44] [INFO]   Tag IDs: 1 
[2026-01-26 17:43:44] [INFO]   Pose: [17.744954, -0.801678, 1.804568]
[2026-01-26 17:43:44] [INFO]   Error: 0.091550
[2026-01-26 17:43:44] [INFO] Fused pose: [17.688478, -0.817445, 1.823009] Confidence: 5.220577 Cameras: 1 NT: Disconnected
[2026-01-26 17:43:44] [INFO] ================================
[2026-01-26 17:43:45] [INFO] === Frame 1470 Debug ===
[2026-01-26 17:43:45] [INFO] Camera results count: 1
[2026-01-26 17:43:45] [INFO] Camera: front_camera | hasPose: 1 | hasAngle: 0
[2026-01-26 17:43:45] [INFO]   Tags detected: 1
[2026-01-26 17:43:45] [INFO]   Tag IDs: 1 
[2026-01-26 17:43:45] [INFO]   Pose: [17.761611, -0.803036, 0.889597]
[2026-01-26 17:43:45] [INFO]   Error: 0.141845
[2026-01-26 17:43:45] [INFO] Fused pose: [17.770201, -0.808767, 0.905732] Confidence: 4.134881 Cameras: 1 NT: Disconnected
[2026-01-26 17:43:45] [INFO] ================================
[2026-01-26 17:43:45] [INFO] FPS: 77.075099
[2026-01-26 17:43:45] [INFO] === Frame 1500 Debug ===
[2026-01-26 17:43:45] [INFO] Camera results count: 1
[2026-01-26 17:43:45] [INFO] Camera: front_camera | hasPose: 1 | hasAngle: 0
[2026-01-26 17:43:45] [INFO]   Tags detected: 1
[2026-01-26 17:43:45] [INFO]   Tag IDs: 1 
[2026-01-26 17:43:45] [INFO]   Pose: [17.963581, -0.473864, 0.734829]
[2026-01-26 17:43:45] [INFO]   Error: 0.246730
[2026-01-26 17:43:45] [INFO] Fused pose: [17.948421, -0.536186, 0.667856] Confidence: 2.884088 Cameras: 1 NT: Disconnected
[2026-01-26 17:43:45] [INFO] ================================
[2026-01-26 17:43:46] [INFO] === Frame 1530 Debug ===
[2026-01-26 17:43:46] [INFO] Camera results count: 1
[2026-01-26 17:43:46] [INFO] Camera: front_camera | hasPose: 0 | hasAngle: 0
[2026-01-26 17:43:46] [INFO]   No valid pose data
[2026-01-26 17:43:46] [INFO] Low confidence (0.300000) | NT: Disconnected
[2026-01-26 17:43:46] [INFO] ================================
[2026-01-26 17:43:46] [INFO] === Frame 1560 Debug ===
[2026-01-26 17:43:46] [INFO] Camera results count: 1
[2026-01-26 17:43:46] [INFO] Camera: front_camera | hasPose: 0 | hasAngle: 0
[2026-01-26 17:43:46] [INFO]   No valid pose data
[2026-01-26 17:43:46] [INFO] Low confidence (0.300000) | NT: Disconnected
[2026-01-26 17:43:46] [INFO] ================================
[2026-01-26 17:43:46] [INFO] === Frame 1590 Debug ===
[2026-01-26 17:43:46] [INFO] Camera results count: 1
[2026-01-26 17:43:46] [INFO] Camera: front_camera | hasPose: 1 | hasAngle: 0
[2026-01-26 17:43:46] [INFO]   Tags detected: 1
[2026-01-26 17:43:46] [INFO]   Tag IDs: 1 
[2026-01-26 17:43:46] [INFO]   Pose: [17.613938, -1.196645, 2.029780]
[2026-01-26 17:43:46] [INFO]   Error: 0.008503
[2026-01-26 17:43:46] [INFO] Fused pose: [17.570297, -1.275404, 1.958589] Confidence: 9.216374 Cameras: 1 NT: Disconnected
[2026-01-26 17:43:46] [INFO] ================================
[2026-01-26 17:43:46] [INFO] FPS: 77.000000
[2026-01-26 17:43:46] [INFO] System running | NT: Disconnected | Frame: 1600
[2026-01-26 17:43:47] [INFO] === Frame 1620 Debug ===
[2026-01-26 17:43:47] [INFO] Camera results count: 1
[2026-01-26 17:43:47] [INFO] Camera: front_camera | hasPose: 0 | hasAngle: 0
[2026-01-26 17:43:47] [INFO]   No valid pose data
[2026-01-26 17:43:47] [INFO] Low confidence (0.300000) | NT: Disconnected
[2026-01-26 17:43:47] [INFO] ================================
[2026-01-26 17:43:47] [INFO] === Frame 1650 Debug ===
[2026-01-26 17:43:47] [INFO] Camera results count: 1
[2026-01-26 17:43:47] [INFO] Camera: front_camera | hasPose: 1 | hasAngle: 0
[2026-01-26 17:43:47] [INFO]   Tags detected: 1
[2026-01-26 17:43:47] [INFO]   Tag IDs: 1 
[2026-01-26 17:43:47] [INFO]   Pose: [18.136888, -1.146529, 1.989641]
[2026-01-26 17:43:47] [INFO]   Error: 0.156655
[2026-01-26 17:43:47] [INFO] Fused pose: [18.081592, -1.126047, 2.000097] Confidence: 3.896274 Cameras: 1 NT: Disconnected
[2026-01-26 17:43:47] [INFO] ================================
[2026-01-26 17:43:47] [INFO] === Frame 1680 Debug ===
[2026-01-26 17:43:47] [INFO] Camera results count: 1
[2026-01-26 17:43:47] [INFO] Camera: front_camera | hasPose: 0 | hasAngle: 0
[2026-01-26 17:43:47] [INFO]   No valid pose data
[2026-01-26 17:43:47] [INFO] Low confidence (0.300000) | NT: Disconnected
[2026-01-26 17:43:47] [INFO] ================================
[2026-01-26 17:43:48] [INFO] FPS: 79.443893
[2026-01-26 17:43:48] [INFO] System running | NT: Disconnected | Frame: 1700
[2026-01-26 17:43:48] [INFO] === Frame 1710 Debug ===
[2026-01-26 17:43:48] [INFO] Camera results count: 1
[2026-01-26 17:43:48] [INFO] Camera: front_camera | hasPose: 0 | hasAngle: 0
[2026-01-26 17:43:48] [INFO]   No valid pose data
[2026-01-26 17:43:48] [INFO] Low confidence (0.300000) | NT: Disconnected
[2026-01-26 17:43:48] [INFO] ================================
[2026-01-26 17:43:48] [INFO] === Frame 1740 Debug ===
[2026-01-26 17:43:48] [INFO] Camera results count: 1
[2026-01-26 17:43:48] [INFO] Camera: front_camera | hasPose: 1 | hasAngle: 0
[2026-01-26 17:43:48] [INFO]   Tags detected: 1
[2026-01-26 17:43:48] [INFO]   Tag IDs: 1 
[2026-01-26 17:43:48] [INFO]   Pose: [18.405673, -1.191922, 1.745493]
[2026-01-26 17:43:48] [INFO]   Error: 0.125947
[2026-01-26 17:43:48] [INFO] Fused pose: [18.437924, -1.170093, 1.755376] Confidence: 4.425812 Cameras: 1 NT: Disconnected
[2026-01-26 17:43:48] [INFO] ================================
[2026-01-26 17:43:49] [INFO] === Frame 1770 Debug ===
[2026-01-26 17:43:49] [INFO] Camera results count: 1
[2026-01-26 17:43:49] [INFO] Camera: front_camera | hasPose: 1 | hasAngle: 0
[2026-01-26 17:43:49] [INFO]   Tags detected: 1
[2026-01-26 17:43:49] [INFO]   Tag IDs: 1 
[2026-01-26 17:43:49] [INFO]   Pose: [18.611761, -1.169234, 1.163496]
[2026-01-26 17:43:49] [INFO]   Error: 0.138240
[2026-01-26 17:43:49] [INFO] Fused pose: [18.407752, -1.284573, 1.305477] Confidence: 4.197447 Cameras: 1 NT: Disconnected
[2026-01-26 17:43:49] [INFO] ================================
[2026-01-26 17:43:49] [INFO] FPS: 78.373016
[2026-01-26 17:43:49] [INFO] === Frame 1800 Debug ===
[2026-01-26 17:43:49] [INFO] Camera results count: 1
[2026-01-26 17:43:49] [INFO] Camera: front_camera | hasPose: 0 | hasAngle: 0
[2026-01-26 17:43:49] [INFO]   No valid pose data
[2026-01-26 17:43:49] [INFO] Low confidence (0.300000) | NT: Disconnected
[2026-01-26 17:43:49] [INFO] ================================
[2026-01-26 17:43:49] [INFO] === Frame 1830 Debug ===
[2026-01-26 17:43:49] [INFO] Camera results count: 1
[2026-01-26 17:43:49] [INFO] Camera: front_camera | hasPose: 0 | hasAngle: 0
[2026-01-26 17:43:49] [INFO]   No valid pose data
[2026-01-26 17:43:49] [INFO] Low confidence (0.300000) | NT: Disconnected
[2026-01-26 17:43:49] [INFO] ================================
[2026-01-26 17:43:50] [INFO] === Frame 1860 Debug ===
[2026-01-26 17:43:50] [INFO] Camera results count: 1
[2026-01-26 17:43:50] [INFO] Camera: front_camera | hasPose: 0 | hasAngle: 0
[2026-01-26 17:43:50] [INFO]   No valid pose data
[2026-01-26 17:43:50] [INFO] Low confidence (0.300000) | NT: Disconnected
[2026-01-26 17:43:50] [INFO] ================================
[2026-01-26 17:43:50] [INFO] === Frame 1890 Debug ===
[2026-01-26 17:43:50] [INFO] Camera results count: 1
[2026-01-26 17:43:50] [INFO] Camera: front_camera | hasPose: 0 | hasAngle: 0
[2026-01-26 17:43:50] [INFO]   No valid pose data
[2026-01-26 17:43:50] [INFO] Low confidence (0.300000) | NT: Disconnected
[2026-01-26 17:43:50] [INFO] ================================
[2026-01-26 17:43:50] [INFO] FPS: 80.677291
[2026-01-26 17:43:50] [INFO] System running | NT: Disconnected | Frame: 1900
[2026-01-26 17:43:51] [INFO] === Frame 1920 Debug ===
[2026-01-26 17:43:51] [INFO] Camera results count: 1
[2026-01-26 17:43:51] [INFO] Camera: front_camera | hasPose: 0 | hasAngle: 0
[2026-01-26 17:43:51] [INFO]   No valid pose data
[2026-01-26 17:43:51] [INFO] Low confidence (0.300000) | NT: Disconnected
[2026-01-26 17:43:51] [INFO] ================================
[2026-01-26 17:43:51] [INFO] === Frame 1950 Debug ===
[2026-01-26 17:43:51] [INFO] Camera results count: 1
[2026-01-26 17:43:51] [INFO] Camera: front_camera | hasPose: 0 | hasAngle: 0
[2026-01-26 17:43:51] [INFO]   No valid pose data
[2026-01-26 17:43:51] [INFO] Low confidence (0.300000) | NT: Disconnected
[2026-01-26 17:43:51] [INFO] ================================
[2026-01-26 17:43:51] [INFO] === Frame 1980 Debug ===
[2026-01-26 17:43:51] [INFO] Camera results count: 1
[2026-01-26 17:43:51] [INFO] Camera: front_camera | hasPose: 0 | hasAngle: 0
[2026-01-26 17:43:51] [INFO]   No valid pose data
[2026-01-26 17:43:51] [INFO] Low confidence (0.300000) | NT: Disconnected
[2026-01-26 17:43:51] [INFO] ================================
[2026-01-26 17:43:51] [INFO] FPS: 79.920080
[2026-01-26 17:43:52] [INFO] System running | NT: Disconnected | Frame: 2000
[2026-01-26 17:43:52] [INFO] === Frame 2010 Debug ===
[2026-01-26 17:43:52] [INFO] Camera results count: 1
[2026-01-26 17:43:52] [INFO] Camera: front_camera | hasPose: 0 | hasAngle: 0
[2026-01-26 17:43:52] [INFO]   No valid pose data
[2026-01-26 17:43:52] [INFO] Low confidence (0.300000) | NT: Disconnected
[2026-01-26 17:43:52] [INFO] ================================
[2026-01-26 17:43:52] [INFO] === Frame 2040 Debug ===
[2026-01-26 17:43:52] [INFO] Camera results count: 1
[2026-01-26 17:43:52] [INFO] Camera: front_camera | hasPose: 0 | hasAngle: 0
[2026-01-26 17:43:52] [INFO]   No valid pose data
[2026-01-26 17:43:52] [INFO] Low confidence (0.300000) | NT: Disconnected
[2026-01-26 17:43:52] [INFO] ================================
[2026-01-26 17:43:52] [INFO] === Frame 2070 Debug ===
[2026-01-26 17:43:52] [INFO] Camera results count: 1
[2026-01-26 17:43:52] [INFO] Camera: front_camera | hasPose: 0 | hasAngle: 0
[2026-01-26 17:43:52] [INFO]   No valid pose data
[2026-01-26 17:43:52] [INFO] Low confidence (0.300000) | NT: Disconnected
[2026-01-26 17:43:52] [INFO] ================================
[2026-01-26 17:43:53] [INFO] FPS: 80.677291
[2026-01-26 17:43:53] [INFO] === Frame 2100 Debug ===
[2026-01-26 17:43:53] [INFO] Camera results count: 1
[2026-01-26 17:43:53] [INFO] Camera: front_camera | hasPose: 0 | hasAngle: 0
[2026-01-26 17:43:53] [INFO]   No valid pose data
[2026-01-26 17:43:53] [INFO] Low confidence (0.300000) | NT: Disconnected
[2026-01-26 17:43:53] [INFO] ================================
[2026-01-26 17:43:53] [INFO] === Frame 2130 Debug ===
[2026-01-26 17:43:53] [INFO] Camera results count: 1
[2026-01-26 17:43:53] [INFO] Camera: front_camera | hasPose: 0 | hasAngle: 0
[2026-01-26 17:43:53] [INFO]   No valid pose data
[2026-01-26 17:43:53] [INFO] Low confidence (0.300000) | NT: Disconnected
[2026-01-26 17:43:53] [INFO] ================================
[2026-01-26 17:43:53] [INFO] === Frame 2160 Debug ===
[2026-01-26 17:43:53] [INFO] Camera results count: 1
[2026-01-26 17:43:53] [INFO] Camera: front_camera | hasPose: 0 | hasAngle: 0
[2026-01-26 17:43:53] [INFO]   No valid pose data
[2026-01-26 17:43:53] [INFO] Low confidence (0.300000) | NT: Disconnected
[2026-01-26 17:43:53] [INFO] ================================
[2026-01-26 17:43:54] [INFO] === Frame 2190 Debug ===
[2026-01-26 17:43:54] [INFO] Camera results count: 1
[2026-01-26 17:43:54] [INFO] Camera: front_camera | hasPose: 0 | hasAngle: 0
[2026-01-26 17:43:54] [INFO]   No valid pose data
[2026-01-26 17:43:54] [INFO] Low confidence (0.300000) | NT: Disconnected
[2026-01-26 17:43:54] [INFO] ================================
[2026-01-26 17:43:54] [INFO] FPS: 79.681275
[2026-01-26 17:43:54] [INFO] System running | NT: Disconnected | Frame: 2200
[2026-01-26 17:43:54] [INFO] === Frame 2220 Debug ===
[2026-01-26 17:43:54] [INFO] Camera results count: 1
[2026-01-26 17:43:54] [INFO] Camera: front_camera | hasPose: 0 | hasAngle: 0
[2026-01-26 17:43:54] [INFO]   No valid pose data
[2026-01-26 17:43:54] [INFO] Low confidence (0.300000) | NT: Disconnected
[2026-01-26 17:43:54] [INFO] ================================
[2026-01-26 17:43:55] [INFO] === Frame 2250 Debug ===
[2026-01-26 17:43:55] [INFO] Camera results count: 1
[2026-01-26 17:43:55] [INFO] Camera: front_camera | hasPose: 0 | hasAngle: 0
[2026-01-26 17:43:55] [INFO]   No valid pose data
[2026-01-26 17:43:55] [INFO] Low confidence (0.300000) | NT: Disconnected
[2026-01-26 17:43:55] [INFO] ================================
[2026-01-26 17:43:55] [INFO] === Frame 2280 Debug ===
[2026-01-26 17:43:55] [INFO] Camera results count: 1
[2026-01-26 17:43:55] [INFO] Camera: front_camera | hasPose: 0 | hasAngle: 0
[2026-01-26 17:43:55] [INFO]   No valid pose data
[2026-01-26 17:43:55] [INFO] Low confidence (0.300000) | NT: Disconnected
[2026-01-26 17:43:55] [INFO] ================================
[2026-01-26 17:43:55] [INFO] FPS: 80.039526
[2026-01-26 17:43:55] [INFO] System running | NT: Disconnected | Frame: 2300
[2026-01-26 17:43:55] [INFO] === Frame 2310 Debug ===
[2026-01-26 17:43:55] [INFO] Camera results count: 1
[2026-01-26 17:43:55] [INFO] Camera: front_camera | hasPose: 0 | hasAngle: 0
[2026-01-26 17:43:55] [INFO]   No valid pose data
[2026-01-26 17:43:55] [INFO] Low confidence (0.300000) | NT: Disconnected
[2026-01-26 17:43:55] [INFO] ================================
[2026-01-26 17:43:56] [INFO] === Frame 2340 Debug ===
[2026-01-26 17:43:56] [INFO] Camera results count: 1
[2026-01-26 17:43:56] [INFO] Camera: front_camera | hasPose: 0 | hasAngle: 0
[2026-01-26 17:43:56] [INFO]   No valid pose data
[2026-01-26 17:43:56] [INFO] Low confidence (0.300000) | NT: Disconnected
[2026-01-26 17:43:56] [INFO] ================================
[2026-01-26 17:43:56] [INFO] === Frame 2370 Debug ===
[2026-01-26 17:43:56] [INFO] Camera results count: 1
[2026-01-26 17:43:56] [INFO] Camera: front_camera | hasPose: 1 | hasAngle: 0
[2026-01-26 17:43:56] [INFO]   Tags detected: 1
[2026-01-26 17:43:56] [INFO]   Tag IDs: 1 
[2026-01-26 17:43:56] [INFO]   Pose: [17.746911, -0.055912, 1.160889]
[2026-01-26 17:43:56] [INFO]   Error: 0.224279
[2026-01-26 17:43:56] [INFO] Fused pose: [17.698303, -0.048571, 1.177246] Confidence: 3.083768 Cameras: 1 NT: Disconnected
[2026-01-26 17:43:56] [INFO] ================================
[2026-01-26 17:43:56] [INFO] FPS: 81.000000
[2026-01-26 17:43:56] [INFO] === Frame 2400 Debug ===
[2026-01-26 17:43:56] [INFO] Camera results count: 1
[2026-01-26 17:43:56] [INFO] Camera: front_camera | hasPose: 1 | hasAngle: 0
[2026-01-26 17:43:56] [INFO]   Tags detected: 1
[2026-01-26 17:43:56] [INFO]   Tag IDs: 1 
[2026-01-26 17:43:56] [INFO]   Pose: [17.754740, -0.116431, 1.052709]
[2026-01-26 17:43:56] [INFO]   Error: 0.211215
[2026-01-26 17:43:56] [INFO] Fused pose: [17.732570, -0.113859, 1.048222] Confidence: 3.213211 Cameras: 1 NT: Disconnected
[2026-01-26 17:43:56] [INFO] ================================
[2026-01-26 17:43:57] [INFO] === Frame 2430 Debug ===
[2026-01-26 17:43:57] [INFO] Camera results count: 1
[2026-01-26 17:43:57] [INFO] Camera: front_camera | hasPose: 1 | hasAngle: 0
[2026-01-26 17:43:57] [INFO]   Tags detected: 1
[2026-01-26 17:43:57] [INFO]   Tag IDs: 1 
[2026-01-26 17:43:57] [INFO]   Pose: [17.791564, -0.124116, 0.974726]
[2026-01-26 17:43:57] [INFO]   Error: 0.201542
[2026-01-26 17:43:57] [INFO] Fused pose: [17.781242, -0.130225, 0.969341] Confidence: 3.316290 Cameras: 1 NT: Disconnected
[2026-01-26 17:43:57] [INFO] ================================
[2026-01-26 17:43:57] [INFO] === Frame 2460 Debug ===
[2026-01-26 17:43:57] [INFO] Camera results count: 1
[2026-01-26 17:43:57] [INFO] Camera: front_camera | hasPose: 1 | hasAngle: 0
[2026-01-26 17:43:57] [INFO]   Tags detected: 1
[2026-01-26 17:43:57] [INFO]   Tag IDs: 1 
[2026-01-26 17:43:57] [INFO]   Pose: [17.726050, -0.144655, 0.892761]
[2026-01-26 17:43:57] [INFO]   Error: 0.254178
[2026-01-26 17:43:57] [INFO] Fused pose: [17.767295, -0.154134, 0.933040] Confidence: 2.823441 Cameras: 1 NT: Disconnected
[2026-01-26 17:43:57] [INFO] ================================
[2026-01-26 17:43:58] [INFO] === Frame 2490 Debug ===
[2026-01-26 17:43:58] [INFO] Camera results count: 1
[2026-01-26 17:43:58] [INFO] Camera: front_camera | hasPose: 1 | hasAngle: 0
[2026-01-26 17:43:58] [INFO]   Tags detected: 1
[2026-01-26 17:43:58] [INFO]   Tag IDs: 1 
[2026-01-26 17:43:58] [INFO]   Pose: [17.723271, -0.127479, 0.855744]
[2026-01-26 17:43:58] [INFO]   Error: 0.233179
[2026-01-26 17:43:58] [INFO] Fused pose: [17.717275, -0.127125, 0.863670] Confidence: 3.001388 Cameras: 1 NT: Disconnected
[2026-01-26 17:43:58] [INFO] ================================
[2026-01-26 17:43:58] [INFO] FPS: 77.304262
[2026-01-26 17:43:58] [INFO] System running | NT: Disconnected | Frame: 2500
[2026-01-26 17:43:58] [INFO] === Frame 2520 Debug ===
[2026-01-26 17:43:58] [INFO] Camera results count: 1
[2026-01-26 17:43:58] [INFO] Camera: front_camera | hasPose: 1 | hasAngle: 0
[2026-01-26 17:43:58] [INFO]   Tags detected: 1
[2026-01-26 17:43:58] [INFO]   Tag IDs: 1 
[2026-01-26 17:43:58] [INFO]   Pose: [17.750943, -0.292462, 0.773498]
[2026-01-26 17:43:58] [INFO]   Error: 0.135830
[2026-01-26 17:43:58] [INFO] Fused pose: [17.802573, -0.217683, 0.779574] Confidence: 4.240334 Cameras: 1 NT: Disconnected
[2026-01-26 17:43:58] [INFO] ================================
[2026-01-26 17:43:58] [INFO] === Frame 2550 Debug ===
[2026-01-26 17:43:58] [INFO] Camera results count: 1
[2026-01-26 17:43:58] [INFO] Camera: front_camera | hasPose: 0 | hasAngle: 0
[2026-01-26 17:43:58] [INFO]   No valid pose data
[2026-01-26 17:43:58] [INFO] Low confidence (0.300000) | NT: Disconnected
[2026-01-26 17:43:58] [INFO] ================================
[2026-01-26 17:43:59] [INFO] === Frame 2580 Debug ===
[2026-01-26 17:43:59] [INFO] Camera results count: 1
[2026-01-26 17:43:59] [INFO] Camera: front_camera | hasPose: 1 | hasAngle: 0
[2026-01-26 17:43:59] [INFO]   Tags detected: 1
[2026-01-26 17:43:59] [INFO]   Tag IDs: 1 
[2026-01-26 17:43:59] [INFO]   Pose: [17.310023, -0.382766, 1.031728]
[2026-01-26 17:43:59] [INFO]   Error: 0.493592
[2026-01-26 17:43:59] [INFO] Fused pose: [17.411559, -0.415245, 1.367018] Confidence: 1.684659 Cameras: 1 NT: Disconnected
[2026-01-26 17:43:59] [INFO] ================================
[2026-01-26 17:43:59] [INFO] FPS: 81.592040
[2026-01-26 17:43:59] [INFO] System running | NT: Disconnected | Frame: 2600
[2026-01-26 17:43:59] [INFO] === Frame 2610 Debug ===
[2026-01-26 17:43:59] [INFO] Camera results count: 1
[2026-01-26 17:43:59] [INFO] Camera: front_camera | hasPose: 1 | hasAngle: 0
[2026-01-26 17:43:59] [INFO]   Tags detected: 1
[2026-01-26 17:43:59] [INFO]   Tag IDs: 1 
[2026-01-26 17:43:59] [INFO]   Pose: [17.414640, -0.305324, 1.028577]
[2026-01-26 17:43:59] [INFO]   Error: 0.174172
[2026-01-26 17:43:59] [INFO] Fused pose: [17.348677, -0.280170, 0.966956] Confidence: 3.647350 Cameras: 1 NT: Disconnected
[2026-01-26 17:43:59] [INFO] ================================
[2026-01-26 17:44:00] [INFO] === Frame 2640 Debug ===
[2026-01-26 17:44:00] [INFO] Camera results count: 1
[2026-01-26 17:44:00] [INFO] Camera: front_camera | hasPose: 1 | hasAngle: 0
[2026-01-26 17:44:00] [INFO]   Tags detected: 1
[2026-01-26 17:44:00] [INFO]   Tag IDs: 1 
[2026-01-26 17:44:00] [INFO]   Pose: [17.595871, -0.136458, 1.013395]
[2026-01-26 17:44:00] [INFO]   Error: 0.225434
[2026-01-26 17:44:00] [INFO] Fused pose: [17.646100, -0.132774, 1.075496] Confidence: 3.072817 Cameras: 1 NT: Disconnected
[2026-01-26 17:44:00] [INFO] ================================
[2026-01-26 17:44:00] [INFO] === Frame 2670 Debug ===
[2026-01-26 17:44:00] [INFO] Camera results count: 1
[2026-01-26 17:44:00] [INFO] Camera: front_camera | hasPose: 1 | hasAngle: 0
[2026-01-26 17:44:00] [INFO]   Tags detected: 1
[2026-01-26 17:44:00] [INFO]   Tag IDs: 1 
[2026-01-26 17:44:00] [INFO]   Pose: [17.551065, -0.193783, 0.988928]
[2026-01-26 17:44:00] [INFO]   Error: 0.212483
[2026-01-26 17:44:00] [INFO] Fused pose: [17.554760, -0.186414, 0.990902] Confidence: 3.200178 Cameras: 1 NT: Disconnected
[2026-01-26 17:44:00] [INFO] ================================
[2026-01-26 17:44:00] [INFO] FPS: 79.601990
[2026-01-26 17:44:00] [INFO] === Frame 2700 Debug ===
[2026-01-26 17:44:00] [INFO] Camera results count: 1
[2026-01-26 17:44:00] [INFO] Camera: front_camera | hasPose: 1 | hasAngle: 0
[2026-01-26 17:44:00] [INFO]   Tags detected: 1
[2026-01-26 17:44:00] [INFO]   Tag IDs: 1 
[2026-01-26 17:44:00] [INFO]   Pose: [17.531224, -0.198990, 1.000887]
[2026-01-26 17:44:00] [INFO]   Error: 0.240966
[2026-01-26 17:44:00] [INFO] Fused pose: [17.529559, -0.200924, 0.994652] Confidence: 2.932844 Cameras: 1 NT: Disconnected
[2026-01-26 17:44:00] [INFO] ================================
[2026-01-26 17:44:01] [INFO] === Frame 2730 Debug ===
[2026-01-26 17:44:01] [INFO] Camera results count: 1
[2026-01-26 17:44:01] [INFO] Camera: front_camera | hasPose: 1 | hasAngle: 0
[2026-01-26 17:44:01] [INFO]   Tags detected: 1
[2026-01-26 17:44:01] [INFO]   Tag IDs: 1 
[2026-01-26 17:44:01] [INFO]   Pose: [17.547550, -0.198129, 1.014321]
[2026-01-26 17:44:01] [INFO]   Error: 0.223953
[2026-01-26 17:44:01] [INFO] Fused pose: [17.544138, -0.198938, 1.010849] Confidence: 3.086867 Cameras: 1 NT: Disconnected
[2026-01-26 17:44:01] [INFO] ================================
[2026-01-26 17:44:01] [INFO] === Frame 2760 Debug ===
[2026-01-26 17:44:01] [INFO] Camera results count: 1
[2026-01-26 17:44:01] [INFO] Camera: front_camera | hasPose: 1 | hasAngle: 0
[2026-01-26 17:44:01] [INFO]   Tags detected: 1
[2026-01-26 17:44:01] [INFO]   Tag IDs: 1 
[2026-01-26 17:44:01] [INFO]   Pose: [17.545880, -0.199188, 1.011667]
[2026-01-26 17:44:01] [INFO]   Error: 0.260832
[2026-01-26 17:44:01] [INFO] Fused pose: [17.547415, -0.202401, 1.014962] Confidence: 2.771375 Cameras: 1 NT: Disconnected
[2026-01-26 17:44:01] [INFO] ================================
[2026-01-26 17:44:01] [INFO] === Frame 2790 Debug ===
[2026-01-26 17:44:01] [INFO] Camera results count: 1
[2026-01-26 17:44:01] [INFO] Camera: front_camera | hasPose: 1 | hasAngle: 0
[2026-01-26 17:44:01] [INFO]   Tags detected: 1
[2026-01-26 17:44:01] [INFO]   Tag IDs: 1 
[2026-01-26 17:44:01] [INFO]   Pose: [17.571719, -0.175717, 1.017439]
[2026-01-26 17:44:01] [INFO]   Error: 0.246966
[2026-01-26 17:44:01] [INFO] Fused pose: [17.565516, -0.180958, 1.015011] Confidence: 2.882129 Cameras: 1 NT: Disconnected
[2026-01-26 17:44:01] [INFO] ================================
[2026-01-26 17:44:02] [INFO] FPS: 80.919081
[2026-01-26 17:44:02] [INFO] System running | NT: Disconnected | Frame: 2800
[2026-01-26 17:44:02] [INFO] === Frame 2820 Debug ===
[2026-01-26 17:44:02] [INFO] Camera results count: 1
[2026-01-26 17:44:02] [INFO] Camera: front_camera | hasPose: 1 | hasAngle: 0
[2026-01-26 17:44:02] [INFO]   Tags detected: 1
[2026-01-26 17:44:02] [INFO]   Tag IDs: 1 
[2026-01-26 17:44:02] [INFO]   Pose: [17.552451, -0.191883, 1.015248]
[2026-01-26 17:44:02] [INFO]   Error: 0.238752
[2026-01-26 17:44:02] [INFO] Fused pose: [17.557850, -0.190028, 1.023701] Confidence: 2.952012 Cameras: 1 NT: Disconnected
[2026-01-26 17:44:02] [INFO] ================================
[2026-01-26 17:44:02] [INFO] === Frame 2850 Debug ===
[2026-01-26 17:44:02] [INFO] Camera results count: 1
[2026-01-26 17:44:02] [INFO] Camera: front_camera | hasPose: 1 | hasAngle: 0
[2026-01-26 17:44:02] [INFO]   Tags detected: 1
[2026-01-26 17:44:02] [INFO]   Tag IDs: 1 
[2026-01-26 17:44:02] [INFO]   Pose: [17.556192, -0.195080, 1.005648]
[2026-01-26 17:44:02] [INFO]   Error: 0.260199
[2026-01-26 17:44:02] [INFO] Fused pose: [17.560441, -0.196025, 1.009606] Confidence: 2.776240 Cameras: 1 NT: Disconnected
[2026-01-26 17:44:02] [INFO] ================================
[2026-01-26 17:44:03] [INFO] === Frame 2880 Debug ===
[2026-01-26 17:44:03] [INFO] Camera results count: 1
[2026-01-26 17:44:03] [INFO] Camera: front_camera | hasPose: 1 | hasAngle: 0
[2026-01-26 17:44:03] [INFO]   Tags detected: 1
[2026-01-26 17:44:03] [INFO]   Tag IDs: 1 
[2026-01-26 17:44:03] [INFO]   Pose: [17.561453, -0.185698, 1.010082]
[2026-01-26 17:44:03] [INFO]   Error: 0.238253
[2026-01-26 17:44:03] [INFO] Fused pose: [17.561445, -0.188895, 1.009274] Confidence: 2.956368 Cameras: 1 NT: Disconnected
[2026-01-26 17:44:03] [INFO] ================================
[2026-01-26 17:44:03] [INFO] FPS: 79.681275
[2026-01-26 17:44:03] [INFO] System running | NT: Disconnected | Frame: 2900
[2026-01-26 17:44:03] [INFO] === Frame 2910 Debug ===
[2026-01-26 17:44:03] [INFO] Camera results count: 1
[2026-01-26 17:44:03] [INFO] Camera: front_camera | hasPose: 1 | hasAngle: 0
[2026-01-26 17:44:03] [INFO]   Tags detected: 1
[2026-01-26 17:44:03] [INFO]   Tag IDs: 1 
[2026-01-26 17:44:03] [INFO]   Pose: [17.574278, -0.187726, 1.014368]
[2026-01-26 17:44:03] [INFO]   Error: 0.317625
[2026-01-26 17:44:03] [INFO] Fused pose: [17.571422, -0.192304, 1.014130] Confidence: 2.394491 Cameras: 1 NT: Disconnected
[2026-01-26 17:44:03] [INFO] ================================
[2026-01-26 17:44:03] [INFO] === Frame 2940 Debug ===
[2026-01-26 17:44:03] [INFO] Camera results count: 1
[2026-01-26 17:44:03] [INFO] Camera: front_camera | hasPose: 1 | hasAngle: 0
[2026-01-26 17:44:03] [INFO]   Tags detected: 1
[2026-01-26 17:44:03] [INFO]   Tag IDs: 1 
[2026-01-26 17:44:03] [INFO]   Pose: [17.572547, -0.196038, 1.016734]
[2026-01-26 17:44:03] [INFO]   Error: 0.251091
[2026-01-26 17:44:03] [INFO] Fused pose: [17.577456, -0.192290, 1.017477] Confidence: 2.848268 Cameras: 1 NT: Disconnected
[2026-01-26 17:44:03] [INFO] ================================
[2026-01-26 17:44:04] [INFO] === Frame 2970 Debug ===
[2026-01-26 17:44:04] [INFO] Camera results count: 1
[2026-01-26 17:44:04] [INFO] Camera: front_camera | hasPose: 1 | hasAngle: 0
[2026-01-26 17:44:04] [INFO]   Tags detected: 1
[2026-01-26 17:44:04] [INFO]   Tag IDs: 1 
[2026-01-26 17:44:04] [INFO]   Pose: [17.573303, -0.197204, 1.005411]
[2026-01-26 17:44:04] [INFO]   Error: 0.250753
[2026-01-26 17:44:04] [INFO] Fused pose: [17.577649, -0.192502, 1.006103] Confidence: 2.851005 Cameras: 1 NT: Disconnected
[2026-01-26 17:44:04] [INFO] ================================
[2026-01-26 17:44:04] [INFO] FPS: 81.107814
[2026-01-26 17:44:04] [INFO] === Frame 3000 Debug ===
[2026-01-26 17:44:04] [INFO] Camera results count: 1
[2026-01-26 17:44:04] [INFO] Camera: front_camera | hasPose: 1 | hasAngle: 0
[2026-01-26 17:44:04] [INFO]   Tags detected: 1
[2026-01-26 17:44:04] [INFO]   Tag IDs: 1 
[2026-01-26 17:44:04] [INFO]   Pose: [17.577737, -0.188410, 1.007111]
[2026-01-26 17:44:04] [INFO]   Error: 0.241193
[2026-01-26 17:44:04] [INFO] Fused pose: [17.575386, -0.191374, 1.006641] Confidence: 2.930894 Cameras: 1 NT: Disconnected
[2026-01-26 17:44:04] [INFO] ================================
[2026-01-26 17:44:04] [INFO] === Frame 3030 Debug ===
[2026-01-26 17:44:04] [INFO] Camera results count: 1
[2026-01-26 17:44:04] [INFO] Camera: front_camera | hasPose: 1 | hasAngle: 0
[2026-01-26 17:44:04] [INFO]   Tags detected: 1
[2026-01-26 17:44:04] [INFO]   Tag IDs: 1 
[2026-01-26 17:44:04] [INFO]   Pose: [17.572901, -0.201441, 1.001328]
[2026-01-26 17:44:04] [INFO]   Error: 0.271390
[2026-01-26 17:44:04] [INFO] Fused pose: [17.575480, -0.194915, 0.998729] Confidence: 2.692586 Cameras: 1 NT: Disconnected
[2026-01-26 17:44:04] [INFO] ================================
[2026-01-26 17:44:05] [INFO] === Frame 3060 Debug ===
[2026-01-26 17:44:05] [INFO] Camera results count: 1
[2026-01-26 17:44:05] [INFO] Camera: front_camera | hasPose: 1 | hasAngle: 0
[2026-01-26 17:44:05] [INFO]   Tags detected: 1
[2026-01-26 17:44:05] [INFO]   Tag IDs: 1 
[2026-01-26 17:44:05] [INFO]   Pose: [17.571200, -0.196631, 0.997114]
[2026-01-26 17:44:05] [INFO]   Error: 0.252820
[2026-01-26 17:44:05] [INFO] Fused pose: [17.573066, -0.196231, 0.994841] Confidence: 2.834303 Cameras: 1 NT: Disconnected
[2026-01-26 17:44:05] [INFO] ================================
[2026-01-26 17:44:05] [INFO] === Frame 3090 Debug ===
[2026-01-26 17:44:05] [INFO] Camera results count: 1
[2026-01-26 17:44:05] [INFO] Camera: front_camera | hasPose: 1 | hasAngle: 0
[2026-01-26 17:44:05] [INFO]   Tags detected: 1
[2026-01-26 17:44:05] [INFO]   Tag IDs: 1 
[2026-01-26 17:44:05] [INFO]   Pose: [17.570021, -0.198138, 1.005621]
[2026-01-26 17:44:05] [INFO]   Error: 0.216068
[2026-01-26 17:44:05] [INFO] Fused pose: [17.571009, -0.196431, 1.003659] Confidence: 3.163876 Cameras: 1 NT: Disconnected
[2026-01-26 17:44:05] [INFO] ================================
[2026-01-26 17:44:05] [INFO] FPS: 78.373016
[2026-01-26 17:44:05] [INFO] System running | NT: Disconnected | Frame: 3100
[2026-01-26 17:44:06] [INFO] === Frame 3120 Debug ===
[2026-01-26 17:44:06] [INFO] Camera results count: 1
[2026-01-26 17:44:06] [INFO] Camera: front_camera | hasPose: 1 | hasAngle: 0
[2026-01-26 17:44:06] [INFO]   Tags detected: 1
[2026-01-26 17:44:06] [INFO]   Tag IDs: 1 
[2026-01-26 17:44:06] [INFO]   Pose: [17.473464, -0.294037, 0.985496]
[2026-01-26 17:44:06] [INFO]   Error: 0.227224
[2026-01-26 17:44:06] [INFO] Fused pose: [17.500543, -0.273913, 0.993256] Confidence: 3.056015 Cameras: 1 NT: Disconnected
[2026-01-26 17:44:06] [INFO] ================================
[2026-01-26 17:44:06] [INFO] === Frame 3150 Debug ===
[2026-01-26 17:44:06] [INFO] Camera results count: 1
[2026-01-26 17:44:06] [INFO] Camera: front_camera | hasPose: 1 | hasAngle: 0
[2026-01-26 17:44:06] [INFO]   Tags detected: 1
[2026-01-26 17:44:06] [INFO]   Tag IDs: 1 
[2026-01-26 17:44:06] [INFO]   Pose: [17.450248, -0.299815, 0.970001]
[2026-01-26 17:44:06] [INFO]   Error: 0.183832
[2026-01-26 17:44:06] [INFO] Fused pose: [17.434979, -0.307813, 0.962099] Confidence: 3.523207 Cameras: 1 NT: Disconnected
[2026-01-26 17:44:06] [INFO] ================================
[2026-01-26 17:44:06] [INFO] === Frame 3180 Debug ===
[2026-01-26 17:44:06] [INFO] Camera results count: 1
[2026-01-26 17:44:06] [INFO] Camera: front_camera | hasPose: 1 | hasAngle: 0
[2026-01-26 17:44:06] [INFO]   Tags detected: 1
[2026-01-26 17:44:06] [INFO]   Tag IDs: 1 
[2026-01-26 17:44:06] [INFO]   Pose: [17.475012, -0.278417, 0.962994]
[2026-01-26 17:44:06] [INFO]   Error: 0.176863
[2026-01-26 17:44:06] [INFO] Fused pose: [17.473661, -0.280034, 0.964271] Confidence: 3.611901 Cameras: 1 NT: Disconnected
[2026-01-26 17:44:06] [INFO] ================================
[2026-01-26 17:44:07] [INFO] FPS: 79.522863
[2026-01-26 17:44:07] [INFO] System running | NT: Disconnected | Frame: 3200
[2026-01-26 17:44:07] [INFO] === Frame 3210 Debug ===
[2026-01-26 17:44:07] [INFO] Camera results count: 1
[2026-01-26 17:44:07] [INFO] Camera: front_camera | hasPose: 1 | hasAngle: 0
[2026-01-26 17:44:07] [INFO]   Tags detected: 1
[2026-01-26 17:44:07] [INFO]   Tag IDs: 1 
[2026-01-26 17:44:07] [INFO]   Pose: [17.490243, -0.268292, 0.972734]
[2026-01-26 17:44:07] [INFO]   Error: 0.136806
[2026-01-26 17:44:07] [INFO] Fused pose: [17.489210, -0.269849, 0.972482] Confidence: 4.222870 Cameras: 1 NT: Disconnected
[2026-01-26 17:44:07] [INFO] ================================
[2026-01-26 17:44:07] [INFO] === Frame 3240 Debug ===
[2026-01-26 17:44:07] [INFO] Camera results count: 1
[2026-01-26 17:44:07] [INFO] Camera: front_camera | hasPose: 1 | hasAngle: 0
[2026-01-26 17:44:07] [INFO]   Tags detected: 1
[2026-01-26 17:44:07] [INFO]   Tag IDs: 1 
[2026-01-26 17:44:07] [INFO]   Pose: [17.486245, -0.271808, 0.967509]
[2026-01-26 17:44:07] [INFO]   Error: 0.199153
[2026-01-26 17:44:07] [INFO] Fused pose: [17.489982, -0.267819, 0.966929] Confidence: 3.342774 Cameras: 1 NT: Disconnected
[2026-01-26 17:44:07] [INFO] ================================
[2026-01-26 17:44:07] [INFO] === Frame 3270 Debug ===
[2026-01-26 17:44:07] [INFO] Camera results count: 1
[2026-01-26 17:44:07] [INFO] Camera: front_camera | hasPose: 1 | hasAngle: 0
[2026-01-26 17:44:07] [INFO]   Tags detected: 1
[2026-01-26 17:44:07] [INFO]   Tag IDs: 1 
[2026-01-26 17:44:07] [INFO]   Pose: [17.550039, -0.280550, 1.036128]
[2026-01-26 17:44:07] [INFO]   Error: 0.169420
[2026-01-26 17:44:07] [INFO] Fused pose: [17.515867, -0.275518, 1.006093] Confidence: 3.711681 Cameras: 1 NT: Disconnected
[2026-01-26 17:44:07] [INFO] ================================
[2026-01-26 17:44:08] [INFO] FPS: 80.000000
[2026-01-26 17:44:08] [INFO] === Frame 3300 Debug ===
[2026-01-26 17:44:08] [INFO] Camera results count: 1
[2026-01-26 17:44:08] [INFO] Camera: front_camera | hasPose: 1 | hasAngle: 0
[2026-01-26 17:44:08] [INFO]   Tags detected: 1
[2026-01-26 17:44:08] [INFO]   Tag IDs: 1 
[2026-01-26 17:44:08] [INFO]   Pose: [17.525690, -0.244180, 1.018064]
[2026-01-26 17:44:08] [INFO]   Error: 0.237875
[2026-01-26 17:44:08] [INFO] Fused pose: [17.532620, -0.244404, 1.025869] Confidence: 2.959674 Cameras: 1 NT: Disconnected
[2026-01-26 17:44:08] [INFO] ================================
[2026-01-26 17:44:08] [INFO] === Frame 3330 Debug ===
[2026-01-26 17:44:08] [INFO] Camera results count: 1
[2026-01-26 17:44:08] [INFO] Camera: front_camera | hasPose: 1 | hasAngle: 0
[2026-01-26 17:44:08] [INFO]   Tags detected: 1
[2026-01-26 17:44:08] [INFO]   Tag IDs: 1 
[2026-01-26 17:44:08] [INFO]   Pose: [17.551282, -0.229602, 1.023165]
[2026-01-26 17:44:08] [INFO]   Error: 0.225768
[2026-01-26 17:44:08] [INFO] Fused pose: [17.551160, -0.229987, 1.024096] Confidence: 3.069669 Cameras: 1 NT: Disconnected
[2026-01-26 17:44:08] [INFO] ================================
[2026-01-26 17:44:09] [INFO] === Frame 3360 Debug ===
[2026-01-26 17:44:09] [INFO] Camera results count: 1
[2026-01-26 17:44:09] [INFO] Camera: front_camera | hasPose: 1 | hasAngle: 0
[2026-01-26 17:44:09] [INFO]   Tags detected: 1
[2026-01-26 17:44:09] [INFO]   Tag IDs: 1 
[2026-01-26 17:44:09] [INFO]   Pose: [17.760955, -0.143881, 1.264604]
[2026-01-26 17:44:09] [INFO]   Error: 0.315484
[2026-01-26 17:44:09] [INFO] Fused pose: [17.698617, -0.183663, 1.192761] Confidence: 2.406834 Cameras: 1 NT: Disconnected
[2026-01-26 17:44:09] [INFO] ================================
[2026-01-26 17:44:09] [INFO] === Frame 3390 Debug ===
[2026-01-26 17:44:09] [INFO] Camera results count: 1
[2026-01-26 17:44:09] [INFO] Camera: front_camera | hasPose: 0 | hasAngle: 0
[2026-01-26 17:44:09] [INFO]   No valid pose data
[2026-01-26 17:44:09] [INFO] Low confidence (0.300000) | NT: Disconnected
[2026-01-26 17:44:09] [INFO] ================================
[2026-01-26 17:44:09] [INFO] FPS: 79.840319
[2026-01-26 17:44:09] [INFO] System running | NT: Disconnected | Frame: 3400
[2026-01-26 17:44:09] [INFO] === Frame 3420 Debug ===
[2026-01-26 17:44:09] [INFO] Camera results count: 1
[2026-01-26 17:44:09] [INFO] Camera: front_camera | hasPose: 0 | hasAngle: 0
[2026-01-26 17:44:09] [INFO]   No valid pose data
[2026-01-26 17:44:09] [INFO] Low confidence (0.300000) | NT: Disconnected
[2026-01-26 17:44:09] [INFO] ================================
[2026-01-26 17:44:10] [INFO] === Frame 3450 Debug ===
[2026-01-26 17:44:10] [INFO] Camera results count: 1
[2026-01-26 17:44:10] [INFO] Camera: front_camera | hasPose: 0 | hasAngle: 0
[2026-01-26 17:44:10] [INFO]   No valid pose data
[2026-01-26 17:44:10] [INFO] Low confidence (0.300000) | NT: Disconnected
[2026-01-26 17:44:10] [INFO] ================================
[2026-01-26 17:44:10] [INFO] === Frame 3480 Debug ===
[2026-01-26 17:44:10] [INFO] Camera results count: 1
[2026-01-26 17:44:10] [INFO] Camera: front_camera | hasPose: 0 | hasAngle: 0
[2026-01-26 17:44:10] [INFO]   No valid pose data
[2026-01-26 17:44:10] [INFO] Low confidence (0.300000) | NT: Disconnected
[2026-01-26 17:44:10] [INFO] ================================
[2026-01-26 17:44:10] [INFO] FPS: 80.757727
[2026-01-26 17:44:10] [INFO] System running | NT: Disconnected | Frame: 3500
[2026-01-26 17:44:10] [INFO] === Frame 3510 Debug ===
[2026-01-26 17:44:10] [INFO] Camera results count: 1
[2026-01-26 17:44:10] [INFO] Camera: front_camera | hasPose: 0 | hasAngle: 0
[2026-01-26 17:44:10] [INFO]   No valid pose data
[2026-01-26 17:44:10] [INFO] Low confidence (0.300000) | NT: Disconnected
[2026-01-26 17:44:10] [INFO] ================================
[2026-01-26 17:44:11] [INFO] === Frame 3540 Debug ===
[2026-01-26 17:44:11] [INFO] Camera results count: 1
[2026-01-26 17:44:11] [INFO] Camera: front_camera | hasPose: 0 | hasAngle: 0
[2026-01-26 17:44:11] [INFO]   No valid pose data
[2026-01-26 17:44:11] [INFO] Low confidence (0.300000) | NT: Disconnected
[2026-01-26 17:44:11] [INFO] ================================
[2026-01-26 17:44:11] [INFO] === Frame 3570 Debug ===
[2026-01-26 17:44:11] [INFO] Camera results count: 1
[2026-01-26 17:44:11] [INFO] Camera: front_camera | hasPose: 0 | hasAngle: 0
[2026-01-26 17:44:11] [INFO]   No valid pose data
[2026-01-26 17:44:11] [INFO] Low confidence (0.300000) | NT: Disconnected
[2026-01-26 17:44:11] [INFO] ================================
[2026-01-26 17:44:11] [INFO] FPS: 81.836327
[2026-01-26 17:44:11] [INFO] === Frame 3600 Debug ===
[2026-01-26 17:44:11] [INFO] Camera results count: 1
[2026-01-26 17:44:11] [INFO] Camera: front_camera | hasPose: 0 | hasAngle: 0
[2026-01-26 17:44:11] [INFO]   No valid pose data
[2026-01-26 17:44:11] [INFO] Low confidence (0.300000) | NT: Disconnected
[2026-01-26 17:44:11] [INFO] ================================
[2026-01-26 17:44:12] [INFO] === Frame 3630 Debug ===
[2026-01-26 17:44:12] [INFO] Camera results count: 1
[2026-01-26 17:44:12] [INFO] Camera: front_camera | hasPose: 0 | hasAngle: 0
[2026-01-26 17:44:12] [INFO]   No valid pose data
[2026-01-26 17:44:12] [INFO] Low confidence (0.300000) | NT: Disconnected
[2026-01-26 17:44:12] [INFO] ================================
[2026-01-26 17:44:12] [INFO] === Frame 3660 Debug ===
[2026-01-26 17:44:12] [INFO] Camera results count: 1
[2026-01-26 17:44:12] [INFO] Camera: front_camera | hasPose: 0 | hasAngle: 0
[2026-01-26 17:44:12] [INFO]   No valid pose data
[2026-01-26 17:44:12] [INFO] Low confidence (0.300000) | NT: Disconnected
[2026-01-26 17:44:12] [INFO] ================================
[2026-01-26 17:44:13] [INFO] === Frame 3690 Debug ===
[2026-01-26 17:44:13] [INFO] Camera results count: 1
[2026-01-26 17:44:13] [INFO] Camera: front_camera | hasPose: 0 | hasAngle: 0
[2026-01-26 17:44:13] [INFO]   No valid pose data
[2026-01-26 17:44:13] [INFO] Low confidence (0.300000) | NT: Disconnected
[2026-01-26 17:44:13] [INFO] ================================
[2026-01-26 17:44:13] [INFO] FPS: 81.429990
[2026-01-26 17:44:13] [INFO] System running | NT: Disconnected | Frame: 3700
[2026-01-26 17:44:13] [INFO] Interrupt signal received. Shutting down...
[2026-01-26 17:44:13] [INFO] Shutting down...
[2026-01-26 17:44:13] [INFO] Stopped camera stream: front_camera
[2026-01-26 17:44:13] [INFO] MJPEG stream 'front_camera' stopped
[2026-01-26 17:44:13] [DEBUG] MJPEG client disconnected from front_camera
[2026-01-26 17:44:13] [INFO] Web server stopped
[2026-01-26 17:44:13] [INFO] Final performance statistics:
[2026-01-26 17:44:13] [INFO] System shutdown complete. Processed 3718 frames.
